drug_company,drug_name,drug_code,drug_price,drug_in_stock,drug_release_date
"AMI Cosmetic Co.,Ltd.",Glycerin,356082843-0,21.77,true,1/11/2022
Apotheca Company,"Berberis vulgaris, Hydrangea arborescens, Petroselinum sativum, Solidago virgaurea, Uva-ursi, Rubia tinctorum, Glutathiona, Kidney (suis), Bryonia, Eupatorium purpureum, Mercurius corrosivus,",641668608-2,333.3,false,4/27/2022
"Blenheim Pharmacal, Inc.",Topiramate,225672839-0,630.5,false,4/16/2022
Aurobindo Pharma Limited,Carvedilol,295230280-4,129.39,false,5/3/2022
"Albert Max, Inc.","MENTHOL, METHYL SALYCILATE, BORNEOL",688657119-2,761.7,true,1/11/2022
A-S Medication Solutions LLC,Dexamethasone,519677300-2,445.42,true,4/20/2022
"NCS HealthCare of KY, Inc dba Vangard Labs",Pravastatin Sodium,747838704-7,14.61,true,6/10/2022
St Marys Medical Park Pharmacy,Atenolol,814314133-0,,false,12/7/2022
Aidarex Pharmaceuticals LLC,Glipizide,019299442-5,894.42,false,10/28/2022
"Hi-Tech Pharmacal Co., Inc.",Sulfamethoxazole and Trimethoprim,544008502-5,638.94,true,1/20/2022
Walgreens,Isopropyl Alcohol,001558532-8,57.16,true,7/25/2022
"H.J. Harkins Company, Inc.",Simvastatin,925196357-6,384.66,false,7/16/2022
Cardinal Health,Midodrine Hydrochloride,087034063-8,488.37,true,5/21/2022
"Taro Pharmaceuticals U.S.A., Inc.",,483892825-4,189.36,false,10/1/2022
"Sunburst Chemicals, Inc.",Chloroxylenol,048237334-2,72.29,false,3/7/2022
nizatidine,nizatidine,718379059-2,989.26,true,4/30/2022
Apotheca Company,"Arnica montana, Rhus toxicodendron, Phytolacca decandra, Pulsatilla, Ruta graveolens,",836570131-6,,false,12/3/2022
STAT RX USA LLC,KETOCONAZOLE,560631422-3,212.86,true,12/12/2022
"Physicians Total Care, Inc.",diltiazem,980828327-6,486.14,false,11/23/2022
"Dispensing Solutions, Inc.",Levothyroxine Sodium,317060504-6,409.75,true,7/10/2022
Rising Pharmaceuticals Inc,ALPRAZOLAM,380254309-2,852.94,true,1/24/2022
Hyland's,"OYSTER SHELL CALCIUM CARBONATE, CRUDE, GOLDENSEAL, POTASSIUM DICHROMATE, and PULSATILLA VULGARIS",271796758-3,88.14,,7/31/2022
Contract Pharmacy Services-PA,Risperidone,090143523-6,624.93,false,7/28/2022
Faria LLC dba Sheffield Pharmaceuticals,"Bacitracin Zinc, Polymyxin B Sulfate, Neomycin Sulfate, Pramoxine Hydrochloride",464257615-0,492.22,false,8/5/2022
"Time-Cap Labs, Inc",aspirin,540619171-3,871.2,true,8/13/2022
"Par Pharmaceutical, Inc.",Megestrol Acetate,815046350-X,857.47,false,12/22/2022
REMEDYREPACK INC.,Ibuprofen,577692054-X,199.5,false,11/15/2022
Cardinal Health,lamotrigine,239843918-6,628.79,true,6/1/2022
"Med Health Pharma, LLC",Baclofen,256867250-1,856.31,true,1/15/2022
Uriel Pharmacy Inc.,Fragaria Vitis Liver Support,443178818-2,481.95,true,2/26/2022
"Carver Korea Co.,Ltd",Adenosine,645850339-3,152.72,true,9/12/2022
"Mallinckrodt, Inc",diclofenac sodium,082932960-9,,true,8/15/2022
Remedy Makers,ST JOHNS WORT,437635402-3,755.16,false,8/13/2022
"SJ Creations, Inc.",Triclosan,219158345-8,5.85,false,4/10/2022
"Physicians Total Care, Inc.",,064688781-5,234.06,true,9/21/2022
CVS Pharmacy,"Acetaminophen, Dextromethorphan Hydrobromide, Doxylamine Succinate",399641171-5,229.11,false,6/28/2022
Dr.Reddy's Laboratories Limited,Lamotrigine,260168378-3,865.38,true,5/17/2022
Cardinal Health,Citalopram,886441459-2,189.24,true,11/1/2022
STAT RX USA LLC,MORPHINE SULFATE,585794637-9,601.45,true,9/18/2022
AmerisourceBergen Drug Corporation (Good Neighbor Pharmacy),Undecylenic acid,786124592-6,498.54,false,4/9/2022
"NCS HealthCare of KY, Inc dba Vangard Labs",Gabapentin,,,false,12/23/2022
"Neopharm Co., Ltd.","BACITRACIN ZINC, NEOMYCIN SULFATE, POLYMYCIN B SULFATE, PRAMOXINE HCL",342498162-1,350.53,false,4/25/2022
"Preferred Pharmaceuticals, Inc.",Ketoconazole,376844273-X,668.69,true,4/2/2022
"Newton Laboratories, Inc.","Thyroidinum, Baryta carb., Berber. vulg., Bryonia, Calc. carb., Cinchona, Conium, Digitalis, Ferrum picricum, Hydrastis, Iodium, Lycopodium, Nux vom., Pareira, Pulsatilla, Sabal, Selenium, Staphysag., Thuja occ.,Trifolium pratense, Echinacea, Lappa, Solidago",146910169-6,507.46,false,8/22/2022
"Nelco Laboratories, Inc.",Burrobrush,624528653-0,662.39,true,12/25/2022
Organon Pharmaceuticals USA,Asenapine Maleate,941029979-9,801.6,false,5/23/2022
American Health Packaging,Carbmazepine (Chewable),323191632-1,318.86,true,12/26/2022
Stat Rx USA,tapentadol hydrochloride,986476707-0,389.24,false,3/7/2022
"Best Sanitizers, Inc",Benzalkonium Chloride,970113404-4,905.34,true,9/26/2022
"Changzhou Jianze Sanitary Material Co., Ltd.",BENZALKONIUM CHLORIDE,873861984-9,123.16,true,10/4/2022
"Dispensing Solutions, Inc.",Losartan Potassium and Hydrochlorothiazide,118413940-7,273.54,false,6/8/2022
"Lifetech Resources, LLC",Octinoxate and Oxybenzone,568339676-X,188.73,true,2/19/2022
"PD-Rx Pharmaceuticals, Inc.",Lisinopril,229835196-1,783.4,true,3/11/2022
Supervalu Inc,Diphenhydramine hydrochloride and Zinc acetate,264494140-7,,true,5/25/2022
Uriel Pharmacy Inc.,,956866396-7,,false,6/21/2022
HANGZHOU MINO DAILY CHEMICALS CO.LTD.,ACNE CREAM,796744470-1,38.55,true,10/26/2022
"Janssen Pharmaceuticals, Inc.",tapentadol hydrochloride,941263856-6,797.44,true,10/26/2022
"BioActive Nutritional, Inc.",Glutathione,449513191-5,,true,4/28/2022
"PD-Rx Pharmaceuticals, Inc.",Sulindac,483798948-9,332.88,true,11/20/2022
Jubilant HollisterStier LLC,Ragweed. Western Ambrosia psilostachya,089601227-1,947.57,true,4/2/2022
STAT Rx USA LLC,ZOLPIDEM TARTRATE,367517976-1,,true,12/28/2022
Cantrell Drug Company,Midazolam HCl,722218156-3,806.64,true,11/25/2022
Novartis Pharmaceuticals Corporation,everolimus,827679524-2,305.99,true,1/2/2023
Neutrogena Corporation,Titanium Dioxide and Zinc Oxide,691718913-8,978.73,true,11/2/2022
"Allermed Laboratories, Inc.",Acacia spp.,222364988-2,647.79,false,2/18/2022
Laboratoires Clarins S.A,TITANIUM DIOXIDE,095828244-7,458.85,false,9/15/2022
Cardinal Health,zolpidem tartrate,921837073-1,308.71,true,1/27/2022
Uriel Pharmacy Inc.,Berberis Viscum,949246110-2,,true,9/20/2022
REMEDYREPACK INC.,Fluticasone Propionate,244732520-7,,true,2/11/2022
L Perrigo Company,"acetaminophen, dextromethorphan Hbr, Phenylephrine HCl",915114049-7,435.07,false,7/6/2022
"Aidance Skincare & Topical Solutions, LLC","Allantoin, Benzethonium Chloride",746255481-X,303.84,true,10/27/2022
Romaine Companies,BENZETHONIUM CHLORIDE,723968556-X,900.38,true,5/12/2022
"Speer Laboratories, LLC","Adrenalinum, Adrenocorticotrophin, Agrimonia eupatoria, flos, Anacardium orientale, Antimonium crudum, Calcarea carbonica, Castanea sativa, flos, Cortisone aceticum, Fucus vesiculosus, Hypothalamus, Kali bichromicum, Oleander, Pituitarum posterium, Sabadilla, Staphysagria, Thyroidinum",380288862-6,375.19,false,7/15/2022
Kroger Company,nicotine polacrilex,794514242-7,303.99,true,7/15/2022
Macleods Pharmaceuticals Limited,Olanzapine,143475392-1,454.47,true,4/26/2022
Contract Pharmacy Services-PA,Extra Strength Acetaminophen,785787113-3,979.29,false,12/25/2022
Zydus Pharmaceuticals USA Inc,Fenofibric Acid,537007982-X,744.82,false,4/29/2022
TYA Pharmaceuticals,Alprazolam,846587443-3,689.64,false,10/19/2022
Lake Erie Medical & Surgical Supply DBA Quality Care Products LLC,varenicline tartrate,034514932-7,337.84,true,2/19/2022
Dolgencorp Inc,"Acetaminophen, Diphenhydramine HCl",015220509-8,184.79,true,9/6/2022
Delon Laboratories (1990) Ltd,"Methyl Salicylate, Menthol",986027555-6,833.67,false,10/8/2022
"Mallinckrodt, Inc.",MORPHINE SULFATE,267153977-0,50.22,true,3/19/2022
Kramer Novis,Undecylenic acid,794787552-9,390.81,false,3/30/2022
Boscia LLC,"OCTINOXATE, TITANIUM DIOXIDE, ZINC OXIDE",605808177-7,923.36,true,4/3/2022
"Mallinckrodt, Inc",oxycodone hydrochloride,257396629-1,687.87,false,1/4/2023
"Nelco Laboratories, Inc.",Papaya,882309732-0,787.59,true,9/1/2022
Family Dollar Services Inc,,983112434-0,818.25,false,1/14/2022
STAT Rx USA LLC,,381162697-3,,false,7/29/2022
Mckesson,"Aluminum hydroxide, Magnesium hydroxide, Simethicone",204964403-5,408.56,false,10/8/2022
Sanofi-Aventis U.S. LLC,,212854752-0,695.4,false,4/16/2022
State of Florida DOH Central Pharmacy,WARFARIN SODIUM,710134088-1,326.71,false,4/10/2022
Contract Pharmacy Services-PA,Extra Strength Acetaminophen,093662297-0,,true,11/13/2022
"Rockline Industries, Inc",Benzalkonium chloride,468403504-2,986.77,true,4/21/2022
"Church & Dwight Co., Inc.",Aluminum Zirconium Tetrachlorohydrex Gly,577912528-7,792.77,true,1/21/2022
Cardinal Health,Ipratropium Bromide,850166752-8,480.2,,3/2/2022
Rite Aid Corporation,Zinc Oxide,687227663-0,,true,12/7/2022
Forest Laboratories,diltiazem hydrochloride,866596948-9,40.18,true,12/24/2022
REMEDYREPACK INC.,abacavir sulfate and lamivudine,396780528-X,7.34,true,3/20/2022
"WG Critical Care, LLC",Cefuroxime,961283062-2,589.95,true,5/6/2022
Qualitest Pharmaceuticals,codeine phosphate and guaifenesin,020064800-4,773.51,false,10/26/2022
Western Family Foods Inc,Omeprazole,225285073-6,431.41,true,8/29/2022
"SHISEIDO CO., LTD.",Octinoxate and Titanium dioxide,764849272-5,347.14,true,2/1/2022
"NATURE REPUBLIC CO., LTD.",Glycerin,102249896-7,253.96,true,6/14/2022
Latex Welding Supply Inc. dba ARC-La-Tec Welding Supply,OXYGEN,423629339-0,595.96,false,11/21/2022
"Preferred Pharmaceuticals, Inc.",HydrOXYzine Hydrochloride,716724434-1,626.99,true,8/6/2022
Larasan Pharmaceutical Corporation,camphor,182665262-0,973.88,false,12/13/2022
"DAVA Pharmaceuticals, Inc.",Doxazosin Mesylate,057362182-9,563.7,false,7/15/2022
L'Oreal USA Products Inc,,982996184-2,867.06,false,3/18/2022
REMEDYREPACK INC.,LIDOCAINE HYDROCHLORIDE ANHYDROUS,061580122-6,713.22,true,11/18/2022
"Preferred Pharmaceuticals, Inc.",,144215216-8,534.67,true,6/2/2022
A-S Medication Solutions LLC,,403028040-4,765.4,false,7/18/2022
"Falcon Pharmaceuticals, Ltd.","neomycin sulfate, polymyxin b sulfate and hydrocortisone",643086338-7,688.79,true,12/13/2022
American Health Packaging,Desmopressin Acetate,775610616-4,814.37,false,3/5/2022
"Belcher Pharmaceuticals,LLC",Desloratadine,519622165-4,635.28,false,7/21/2022
Mylan Pharmaceuticals Inc.,valsartan and hydrochlorothiazide,329819213-9,748.88,true,8/15/2022
SHISEIDO AMERICA INC.,OCTINOXATE and TITANIUM DIOXIDE,567043162-6,851.21,true,12/4/2022
Hyland's,"OYSTER SHELL CALCIUM CARBONATE, CRUDE, GOLDENSEAL, POTASSIUM DICHROMATE, and PULSATILLA VULGARIS",034462001-8,538.09,false,8/7/2022
ALILY (ZHANGZHOU) BATH PRODUCTS LTD.,Alcohol,363661142-9,,true,5/9/2022
Target Corp,Ethyl Alcohol,127423020-9,567.16,false,3/22/2022
REMEDYREPACK INC.,Amitriptyline Hydrochloride,825209540-2,962.77,true,1/28/2022
A-S Medication Solutions LLC,triamcinolone acetonide,392230403-6,411.13,false,10/2/2022
"FDN Enterprises, LLC",Menthol and Camphor (synthetic),072559535-3,716.65,false,1/11/2022
"Nelco Laboratories, Inc.",West Wheat Grass,836895873-3,244.32,,8/8/2022
"Glenmark Generics Inc., USA",Carvedilol,467812292-3,88.5,false,6/8/2022
"Changzhou Maokang Medical Products Co., Ltd",BENZALKONIUM CHLORIDE,901318598-3,131.48,false,11/28/2022
Cardinal Health,,278112013-8,630.69,false,4/18/2022
E. Fougera & Co. a division of Fougera Pharmaceuticals Inc.,Ciclopirox,774231787-7,808.23,false,6/22/2022
Walgreens,Acetaminophen,694968344-8,903.85,true,12/31/2022
"Bill Munn Supply Inc, dba Munn Supply",OXYGEN,987528224-3,301.52,false,7/27/2022
Zydus Pharmaceuticals (USA) Inc.,Paroxetine,447654742-7,259.13,false,3/24/2022
Liddell Laboratories,"Antimonium crudum, Arsenicum album, Mancinella, Nitricum acidum, Sulphur, Thuja occidentalis,",233213059-4,478.63,true,2/14/2022
Faria Limited dba Sheffield Pharmaceuticals,CLOTRIMAZOLE,358252235-0,27.18,true,6/18/2022
Jubilant HollisterStier LLC,Lambs Quarters Chenopodium album,287894663-4,519.35,false,10/2/2022
"Allergy Laboratories, Inc.",sesame seed,,579.14,false,3/6/2022
"Newton Laboratories, Inc.",,973303825-3,,false,5/23/2022
"WOONSOCKET PRESCRIPTION CENTER,INCORPORATED","Acetaminophen, Diphenhydramine HCl, Phenylephrine HCl",339039309-9,920.93,false,11/10/2022
Mon HealthCare,Oxygen,213698453-5,144.13,true,3/28/2022
"APP Pharmaceuticals, LLC",PROPOFOL,635563199-2,519.81,true,8/14/2022
"Safetec of America, Inc.","benzalkonium chloride, benzocaine",579002039-9,553.58,false,11/20/2022
Conopco Inc. d/b/a Unilever,Aluminum Zirconium Tetrachlorohydrex GLY,668017623-9,818.19,true,4/30/2022
Cardinal Health,cyanocobalamin,773903935-7,23.35,false,11/9/2022
"Aphena Pharma Solutions - Tennessee, Inc.",Bupropion Hydrochloride,156713920-5,314.44,false,5/26/2022
"Janssen Pharmaceuticals, Inc.",risperidone,464911722-4,579.34,true,3/22/2022
"Blu Pharmaceuticals, LLC",Metformin Hydrochloride,520379257-7,388.53,true,10/29/2022
Target Corporation,"Acetaminophen, Chlorpheniramine maleate, Dextromethorphan HBr, Phenylephrine HCl",306386889-2,539.13,true,10/27/2022
"Mallinckrodt, Inc.",,940811285-7,345.77,true,8/14/2022
"Eco-Logics, Inc.",Ethyl Alcohol,968059883-7,324.57,true,4/26/2022
GlaxoSmithKline LLC,sumatriptan succinate,501685977-9,,false,11/11/2022
Contract Pharmacy Services-PA,,216568276-2,33.83,false,5/11/2022
"NANOPOLY CO., LTD.",Allantoin,154055811-8,800.21,true,9/19/2022
"PD-Rx Pharmaceuticals, Inc.",bupropion hydrochloride,442807890-0,520.88,false,2/15/2022
"Edenbridge Pharmaceuticals, LLC",Morphine,509577522-0,470.51,false,8/8/2022
"Eon Labs, Inc.",Nabumentone,478402319-4,784.06,true,6/5/2022
Zydus Pharmaceuticals (USA) Inc.,topiramate,087296951-7,143.12,false,4/24/2022
Cantrell Drug Company,Fentanyl Citrate,069213923-0,545.0,true,3/12/2022
Desert Harvest Inc.,LIDOCAINE,286947913-1,471.79,false,1/25/2022
Rugby Laboratories,Calcium Polycarbophil,521522307-6,,false,7/5/2022
REMEDYREPACK INC.,Trazodone Hydrochloride,470295661-2,2.49,true,6/23/2022
"Physicians Total Care, Inc.",Glycerin,896224907-3,590.59,true,7/8/2022
Sandoz Inc,Clindamycin in 5 Percent Dextrose,873814818-8,607.95,false,7/9/2022
STAT Rx USA LLC,,271149182-X,470.81,true,1/24/2022
Amneal Pharmaceuticals,Cetirizine,323987497-0,854.94,false,11/7/2022
"Teva Parenteral Medicines, Inc.",Epirubicin Hydrochloride,427421825-2,428.77,true,4/29/2022
Worldwide Sales & Distribution Corp.,White petroleum,516807501-0,740.4,false,3/5/2022
King Bio Inc.,"Arnica montana, Calcarea fluorica, Calcarea phosphorica, Calendula officinalis, Graphites, Hydrofluoricum acidum, Phytolacca decandra, Sabina, Silicea, Thiosinaminum, Thuja occidentalis",172798740-3,53.48,true,11/28/2022
Clinical Solutions Wholesale,LISINOPRIL AND HYDROCHLOROTHIAZIDE,069472300-2,358.66,true,11/13/2022
"Nelco Laboratories, Inc.",Penicillium notatum,102410904-6,98.03,true,4/23/2022
Rebel Distributors Corp.,GABAPENTIN,667641265-9,864.53,false,11/28/2022
"Physicians Total Care, Inc.",isosorbide mononitrate,797496583-5,937.11,false,1/2/2023
Apotheca Company,"Chondrus crispus, Glycyrrhiza glabra, Sarsaparilla, Zingiber officinale, Adrenalinum, Allium cepa, Aralia racemosa, Arsenicum album, Calcarea carbonica, Cantharis, Iodium, Natrum carbonicum, Rhus toxi",,509.71,true,1/29/2022
The Magni Company,"Causticum, Natrum muriaticum, Nus vomica, Pulsatilla, Sepia, Staphysagria, Thuja occidentalis,",103886413-5,,true,7/8/2022
"Watson Laboratories, Inc.",,616697988-6,576.72,true,1/28/2022
VIATREXX BIO INCORPORATED,"centaurea benedicta, silybum marianum seed, ceanothus americanus leaf, chelidonium majus, chionanthus virginicus bark, choline, bos taurus solar plexus, sus scrofa solar plexus, bos taurus duodenum, sus scrofa duodenum, fumaric acid, bos taurus gallbladder, sus scrofa gallbladder, inositol, binetrakin, potassium sulfate, beef liver, pork liver, lycopodium clavatum spore, sodium diethyl oxalacetate, sodium pyruvate, sodium sulfate, niacin, bos taurus pancreas, sus scrofa pancreas",948163726-3,440.07,false,12/27/2022
"Nelco Laboratories, Inc.",House Fly,858412783-6,774.23,true,12/6/2022
Apotex Corp.,Alendronate Sodium,816442945-7,36.08,false,3/14/2022
"Office Max, Inc.",Chloroxylenol,978739199-7,934.33,true,3/22/2022
Jubilant HollisterStier LLC,Peach Prunus persica,565103099-9,809.41,true,1/21/2022
"Roxane Laboratories, Inc",METHADONE HYDROCHLORIDE,489002817-X,818.21,true,3/10/2022
"ShopKo Stores Operating Co., LLC",Alcohol,065258460-8,145.85,true,10/11/2022
L'Oreal USA Products Inc,Octinoxate,236025601-7,90.52,false,1/17/2022
Jubilant HollisterStier LLC,"Pollens - Grasses, Southern Grass Mix",572934859-2,769.83,true,3/4/2022
"ScieGen Pharmaceuticals, Inc.",Hydrochlorothiazide,794693799-7,,true,5/16/2022
Apotheca Company,Serotonin,050621372-2,203.79,true,8/17/2022
"Prime Packaging, Inc.","Avobenzone, Homosalate, Octisalate, Octocrylene, and Oxybenzone",171898415-4,27.13,false,4/4/2022
"NCS HealthCare of KY, Inc dba Vangard Labs",Metformin Hydrochloride,624206247-X,873.85,true,3/14/2022
Wakefern Food Corporation,"diphenhydramine citrate, ibuprofen",503305481-3,339.66,true,4/2/2022
GlaxoSmithKline LLC,,613206690-X,30.79,false,2/17/2022
Aurobindo Pharma Limited,Risperidone,990143886-1,651.96,true,11/22/2022
"Nelco Laboratories, Inc.",Karaya Gum,434257554-X,,true,11/7/2022
"Fresh, Inc.","OCTINOXATE, OCTISALATE, OXYBENZONE, AVOBENZONE",677628966-2,643.01,true,1/18/2022
"SJ Creations, Inc.",Triclosan,142561833-2,861.63,false,4/8/2022
L. Perrigo Company,,374662253-0,248.26,true,11/18/2022
Pfizer Laboratories Div Pfizer Inc,TOBRAMYCIN SULFATE,206286731-X,853.68,false,7/31/2022
"Genuine First Aid, LLC",ALCOHOL,262258099-1,414.0,false,4/30/2022
"Physicians Total Care, Inc.",pioglitazone hydrochloride,930109715-X,81.91,true,11/7/2022
Areva Pharmaceuticals Inc.,Pamidronate Disodium,186489023-1,535.44,true,5/9/2022
King's Daughters Home Medical Equipment,Oxygen,351254305-7,198.97,true,11/12/2022
"SJ Creations, Inc.",Triclosan,134767789-5,665.73,true,2/19/2022
"H.J. Harkins Company, Inc.",doxepin hydrochloride,505640357-1,444.54,false,5/3/2022
Akorn Inc.,ketorolac tromethamine,,481.15,false,10/3/2022
Chemco Corporation,"Menthol, Methyl Salicylate",162213810-4,216.84,true,10/22/2022
Uriel Pharmacy Inc.,Prunus spinosa e flor. et summ. 6,876515674-9,356.01,false,7/14/2022
Jubilant HollisterStier LLC,"Pea, Green or English Pisum sativum",784279963-6,872.3,true,1/20/2022
HOMEOLAB USA INC,ABELMOSCHUS,420037234-7,522.74,false,11/9/2022
Amgen Inc,romiplostim,960783627-8,53.03,true,12/28/2022
Sandoz Inc,Promethazine Hydrochloride,426350403-8,412.94,true,4/28/2022
Rebel Distributors Corp.,Nabumetone,593515015-8,273.94,true,10/23/2022
"Prestige Brands Holdings, Inc.",Polyvinyl Alcohol and Povidone,099177753-0,937.2,true,11/9/2022
"Antigen Laboratories, Inc.",,110738611-X,446.05,false,2/23/2022
RedPharm Drug Inc.,,422189913-1,,false,3/3/2022
Topco Associates LLC,,087208015-3,,true,2/20/2022
ECR Pharmaceuticals,hydrocodone polistirex and chlorpheniramine polistirex,767383628-9,,false,6/24/2022
"Dispensing Solutions, Inc.",Diclofenac Sodium,581333154-9,813.64,true,10/10/2022
REMEDYREPACK INC.,NAPROXEN,799488820-8,732.46,false,3/13/2022
Chain Drug Market Association,Zinc Acetate and Pramoxine Hydrochloride,116680472-0,,true,8/21/2022
Aidarex Pharmaceuticals LLC,Mirtazapine,304535043-7,197.81,true,5/1/2022
Canberra Corporation,triclosan,742564016-3,412.48,true,8/25/2022
Contract Pharmacy Services-PA,Alprazolam,172084329-5,564.97,true,10/10/2022
"Physicians Total Care, Inc.",Dextromethorphan Hydrobromide and Promethazine Hydrochloride,474504127-6,328.85,false,4/25/2022
Rugby Laboratories,Nicotine Polacrilex,396908334-6,241.67,true,11/27/2022
Kmart Corporation,Miconazole nitrate,236666329-3,477.97,false,4/23/2022
Baxter Healthcare Corporation,"Leucine, Phenylalanine, Lysine, Methionine, Isoleucine, Valine, Histidine, Threonine, Tryptophan, Alanine, Glycine, Arginine, Proline, Serine, Tyrosine, Dextrose",593944846-1,55.67,false,9/22/2022
"ALK-Abello, Inc.","Rye Grass, Perennial Standardized",342089829-0,842.63,false,11/25/2022
Rebel Distributors Corp,venlafaxine hydrochloride,222068883-6,953.93,true,11/7/2022
Uriel Pharmacy Inc.,Epiphysis 8,909217719-9,594.17,false,8/23/2022
"Watson Laboratories, Inc.",Valacyclovir Hydrochloride,972572609-X,861.05,true,2/9/2022
Aidarex Pharmaceuticals LLC,Sertraline,923045134-7,11.48,true,9/24/2022
"Morton Grove Pharmaceuticals, Inc.",Lindane,958611424-4,86.24,true,8/18/2022
West-Ward Pharmaceutical Corp,Levofloxacin,961026713-0,106.63,false,8/26/2022
"Accudial Pharmaceutical, Inc.",Dextromethorphan Hydrobromide and Phenylephrine Hydrochloride,525923099-X,600.56,true,11/27/2022
Sun Pharmaceutical Industries Limited,TOPIRAMATE,291601410-1,26.08,true,6/5/2022
American Sales Company,Acetaminophen,777076946-9,,false,5/5/2022
"AMI Cosmetic Co.,Ltd.",GLYCERIN,251930533-9,,false,5/20/2022
Sancilio & Company Inc,"Sodium Fluoride, Vitamin A Palmitate, Ascorbic Acid, Cholecalciferol, Alpha-Tocopherol Acetate, Thiamine Mononitrate, Riboflavin, Niacinamide, Pyridoxine Hydrochloride, Folic Acid and cyanocobalamin",475643393-6,,true,3/5/2022
REMEDYREPACK INC.,Doxepin Hydrochloride,393416373-4,410.06,false,1/1/2023
"Antigen Laboratories, Inc.",Mixture of Standardized Mites,528439168-3,388.6,true,4/8/2022
"PD-Rx Pharmaceuticals, Inc.",Carisoprodol,,,true,9/19/2022
REMEDYREPACK INC.,NAPROXEN,164073325-6,,true,3/16/2022
Air Liquide Healthcare America Corporation,Air,757744736-6,362.92,false,12/2/2022
"Avent, Inc.","Urea, C-14",793851108-0,760.38,true,9/5/2022
Cardinal Health,Polyethylene Glycol 3350,718805317-0,607.96,true,7/22/2022
"Newton Laboratories, Inc.","Xerophyllum asphodeloides, Aconitum nap., Anacardium orientale, Apis mel., Bryonia, Cantharis, Croton, Graphites, Grindelia, Mezereum, Nux vom., Ranunc. bulb., Rhus toxicodendron, Sarsaparilla, Sulphur, Echinacea, Rumex crisp.,Taraxacum, Urtica ur.",960896905-0,931.78,true,3/9/2022
"Amneal Pharmaceuticals of New York, LLC",Flecainide Acetate,717190310-9,694.5,false,4/22/2022
Cellinbio Co Ltd,TITANIUM DIOXIDE,222599592-3,787.87,true,5/30/2022
HyVee Inc,fexofenadine hcl,376573106-4,944.9,true,3/13/2022
"Northwind Pharmaceuticals, LLC",Methocarbamol,126897489-7,10.24,true,4/19/2022
Medtech Products Inc.,,157045810-3,32.89,true,7/17/2022
Rebel Distributors Corp,Carisoprodol,736011076-9,74.03,false,8/12/2022
"Church & Dwight Co., Inc.",Sodium Bicarbonate,104995858-6,877.71,true,6/2/2022
"American Regent, Inc.",Sodium Chloride,088510082-4,236.03,true,6/10/2022
CONOPCO Inc. d/b/a Unilever,Salicylic Acid,708041163-7,,true,5/31/2022
"Nova Homeopathic Therapeutics, Inc.","Aesculus hippocastanum, Arnica montana, Berberis vulgaris, Carbo vegetabilis, Echinacea angustifolia, Hamamelis virginiana, Hydrofluoricum acidum, Lycopodium clavatum, Secale cornutum, Sulfur",006516690-6,356.08,true,6/7/2022
Terumo Corporation,Anticoagulant Citrate Phosphate Dextrose (CPD) AND AS-5 Red Cell Preservative,654539847-4,113.67,true,12/24/2022
REMEDYREPACK INC.,AZITHROMYCIN,335254813-7,,false,3/15/2022
"Deseret Biologicals, Inc.","Arsenicum Album, Berberis Vulgaris, Bryonia, Calcarea Carbonica, Carduus Marianus, Cinchona Officinalis, Kali Carbonicum",362161444-3,,false,5/10/2022
"Watson Laboratories, Inc.",Mirtazapine,538119591-5,167.68,false,5/17/2022
REMEDYREPACK INC.,Ondansetron,669167178-3,247.31,true,5/9/2022
"Reckitt Benckiser, Inc.",Guaifenesin,979523544-3,580.07,true,3/21/2022
"kaleo, Inc.",naloxone hydrochloride,288493105-8,835.33,false,1/16/2022
"Ascend Laboratories, LLC",Quetiapine Fumarate,233708862-6,90.3,false,6/5/2022
Proficient Rx LP,Hyoscyamine Sulfate,785827215-2,,true,9/8/2022
ENCHANTE ACCESSORIES INC.,ALCOHOL,209706236-9,,false,1/14/2022
"Premier Value (Chain Drug Consortium, LLC)","Acetaminophen, Dextromethorphan Hydrobromide, Doxylamine Succinate",200009862-2,72.19,false,11/7/2022
"Preferred Pharmaceuticals, Inc.",Pantoprazole Sodium,615500398-X,294.84,false,7/4/2022
"Ballay Pharmaceuticals, Inc.","Chlorpheniramine Maleate, Phenylephrine Hydrochloride, Dextromethorphan Hydrobromide",459368517-6,803.31,false,7/22/2022
"Medline Industries, Inc.",Hydrogen Peroxide,625547926-9,598.99,true,10/15/2022
"Kareway Product, Inc.","Acetaminophen, Dextromethorphan HBr, Doxylamine succinate",,627.57,true,11/4/2022
REMEDYREPACK INC.,OXYBUTYNIN CHLORIDE,896208517-8,510.46,false,7/11/2022
Wal-Mart Stores Inc,"Acetaminophen, Phenylephrine HCl and Dextromethorphan HBr",231494409-7,552.36,false,11/4/2022
Topco Associates LLC,"Avobenzone, Octocrylene",,429.63,false,11/25/2022
Rebel Distributors Corp.,Hydrocodone Bitartrate and Acetaminophen,017141539-6,702.0,false,9/14/2022
Mylan Pharmaceuticals Inc.,amlodipine and benazepril hydrochloride,748146479-0,493.49,false,2/11/2022
STAT RX USA LLC,ALBUTEROL SULFATE,227482634-X,99.96,true,10/3/2022
Rite Aid Corporation,Acetaminophen,894487882-X,717.38,false,11/21/2022
"The Pepsom Group, Inc.",magnesium sulfate,484165296-5,918.34,false,12/4/2022
SMART AND FINAL STORES,,254682853-3,,true,12/15/2022
"Janssen Pharmaceuticals, Inc.",paliperidone,149394380-4,524.44,true,12/3/2022
Washington Homeopathic Products,,110605982-4,608.46,true,2/14/2022
Merck Sharp & Dohme Corp.,losartan potassium and hydrochlorothiazide,442315785-3,532.03,false,10/22/2022
"Insys Therapeutics, Inc.",FENTANYL,200802507-1,239.23,false,12/9/2022
"Prime Enterprises, Inc.","Avobenzone, Octisalate, Octocrylene, and Oxybenzone",053778877-8,446.77,true,4/9/2022
"Respa Pharmaceuticals, Inc.","Codeine Phosphate, Guaifenesin",273852830-9,838.61,true,5/27/2022
"Eon Labs, Inc.",Orphenadrine Citrate,395963668-7,564.26,false,4/26/2022
"Preferred Pharmaceuticals, Inc.",Famotidine,604426567-6,882.82,false,10/18/2022
TRIZ LABORATORIES LTD,ALCOHOL,006154833-2,427.02,true,6/20/2022
REMEDYREPACK INC.,Mirtazapine,134561934-0,310.49,false,5/30/2022
BrandStorm HBC,ARNICA MONTANA,,173.92,true,4/14/2022
Rebel Distributors Corp,ATORVASTATIN CALCIUM,623070187-1,136.72,true,5/28/2022
Dabur India Limited,Fluoride Toothpaste,725212326-X,973.29,true,12/14/2022
"Aphena Pharma Solutions - Tennessee, LLC",Warfarin Sodium,113637415-9,994.7,true,6/30/2022
Supervalu Inc,witch hazel,658351235-1,29.43,false,6/8/2022
REMEDYREPACK INC.,Adenosine,902988633-1,374.23,true,4/29/2022
Heritage Pharmaceuticals Inc.,VANCOMYCIN HYDROCHLORIDE,983081117-4,330.25,false,9/20/2022
Basic Research,Salicylic Acid,,57.83,false,6/10/2022
"NATURE REPUBLIC CO., LTD.",,155129351-X,465.01,true,6/19/2022
"Newton Laboratories, Inc.",,858459210-5,198.33,true,5/23/2022
Ventura Corporation LTD,"Octinoxate, Titanium Dioxide, and Zinc Oxide",953721618-7,23.85,false,11/21/2022
Ventura Corporation LTD,Zinc Oxide,215968343-4,212.83,false,12/1/2022
Costco Wholesale Company,Minoxidil,064871300-8,,true,12/5/2022
American Health Packaging,Hydromorphone Hydrochloride,545967637-1,388.33,false,5/6/2022
Cardinal Health,methylprednisolone sodium succinate,542111332-9,962.01,true,10/24/2022
McKesson,"Chlorpheniramine maleate, Phenylephrine HCl",573100278-9,228.47,true,9/11/2022
"E.R. Squibb & Sons, L.L.C.",ATAZANAVIR,134412458-5,816.33,true,3/21/2022
QUALITY CHOICE (Chain Drug Marketing Association),Mineral oil,459043090-8,,false,2/23/2022
"Paddock Laboratories, LLC",Isopropyl alcohol,718967292-3,488.03,false,2/13/2022
"Golden State Medical Supply, Inc.",Etodolac,585794918-1,484.32,true,12/14/2022
Apotex Corp.,Rivastigmine Tartrate,515801884-7,690.42,true,11/21/2022
Cardinal Health,Gabapentin,780859626-4,474.69,true,9/6/2022
"Deb USA, Inc.",Allantoin,401627119-3,929.75,true,2/22/2022
McKesson,Aspirin,948198231-9,545.95,true,10/16/2022
"Taro Pharmaceuticals U.S.A., Inc.",,333787255-7,276.52,false,12/22/2022
"Mekt, LLC",MENTHOL,111973850-4,707.11,false,10/14/2022
Rite Aid Corporation,"Acetaminophen, Dextromethorphan HBr, Doxylamine Succinate, Phenylephrine HCl",857270332-2,252.01,true,2/8/2022
"General Injectables & Vaccines, Inc",Lidocaine Hydrochloride,468730298-X,731.43,true,7/5/2022
TYA Pharmaceuticals,benztropine mesylate,482155200-0,699.75,false,9/1/2022
Aurobindo Pharma Limited,Benazepril Hydrochloride,580679115-7,56.69,false,2/19/2022
My Habitat Brands LLC,Benzalkonium Chloride,939873160-6,979.82,false,3/24/2022
Uriel Pharmacy Inc.,Borago Nicotiana,957611784-4,28.91,true,3/21/2022
"Hospira, Inc.",NALBUPHINE HYDROCHLORIDE,721684940-X,361.73,true,8/6/2022
Uriel Pharmacy Inc.,Calc. carb. Cortex Quercus Special Order,755875715-0,187.58,false,6/12/2022
Sun Pharma Global FZE,Oxaliplatin,091609529-0,60.19,true,11/22/2022
"Paddock Laboratories, LLC",CAFFEINE CITRATE,266408898-X,716.3,true,1/24/2022
REMEDYREPACK INC.,Bupropion Hydrochloride,502765216-X,731.23,,12/26/2022
"Physicians Total Care, Inc.",insulin glargin,973516089-7,,true,2/18/2022
Procter & Gamble Manufacturing Company,"Avobenzone, Homosalate, Octisalate, and Octocrylene",774103254-2,102.66,false,4/13/2022
Rebel Distributors Corp.,AZITHROMYCIN,691480804-X,979.8,true,1/21/2022
Mylan Institutional Inc.,metoprolol succinate,934211729-5,910.58,false,9/4/2022
"Ritedose Pharmaceuticals, LLC",Ipratropium Bromide,097977389-X,624.2,true,11/6/2022
"E.R. Squibb & Sons, L.L.C.",apixaban,952547614-6,922.84,false,3/24/2022
"Quest Products, Inc.",Lidocaine Hydrochloride and Benzalkonium Chloride,824169971-9,163.83,false,4/20/2022
Heritage Pharmaceuticals Inc.,Naratriptan,620759061-9,788.93,false,6/3/2022
REMEDYREPACK INC.,Levothyroxine Sodium,685203977-3,,true,3/12/2022
Dr. Reddy's Laboratories Limited,Zolpidem Tartrate,843553904-0,660.0,true,4/16/2022
Cadila Healthcare Limited,ropinirole hydrochloride,108869906-5,135.88,false,8/4/2022
"JUBILANT CADISTA PHARMACEUTICALS, INC.",Lamotrigine,068870233-3,869.64,false,10/13/2022
Lantern Enterprises Ltd,ALCOHOL,699857997-7,899.63,true,2/4/2022
WALGREEN CO.,Dimenhydrinate,564020616-0,735.84,true,6/23/2022
Citron Pharma LLC,Amoxicillin,844715712-1,362.71,true,8/3/2022
"Nova Homeopathic Therapeutics, Inc.","Aconitum napellus, Argentum nitricum, Arnica montana, Valeriana officinalis",,114.99,false,3/30/2022
"Golden State Medical Supply, Inc.",Sotalol Hydrochloride,118736392-8,204.64,false,11/10/2022
"MCR American Pharmaceuticals, Inc.","Brompheniramine Maleate, Phenylephrine Hydrochloride, and Dextromethorphan Hydrobromide",182017339-9,321.24,true,5/3/2022
"Physicians Total Care, Inc.",Nifedipine,015729798-5,,true,11/12/2022
P and L Development of New York Corporation (ReadyInCase),Cetirizine HCl,155274934-7,768.26,false,1/25/2022
"Acella Pharmaceuticals, LLC",Salsalate,902550568-6,69.82,false,1/6/2022
"Aaron Industries, Inc.",Childrens Mucinex Cough,,386.31,false,12/15/2022
King Bio Inc.,Natural Medicine,792710100-5,172.35,false,12/17/2022
Dr. Reddy's Laboratories Limited,Fluconazole,272586435-6,804.77,true,10/7/2022
"All American Medical Equipment, Inc.",Oxygen,,679.95,false,4/4/2022
Premier Value,,353036571-8,375.4,true,8/27/2022
"SHISEIDO CO., LTD.",Octinoxate and Titanium dioxide,688995217-0,613.66,false,5/30/2022
Pharmacia and Upjohn Company,,767466411-2,337.2,false,12/30/2022
H E B,"Acetaminophen, Dextromethorphan Hydrobromide, Phenylephrine Hydrochloride",256049581-3,651.0,true,5/14/2022
Camber Pharmaceuticals,Citalopram,551205613-1,,true,7/22/2022
Amneal Pharmaceuticals,Cetirizine,309900588-6,619.94,false,10/10/2022
"Ipsen Biopharmaceuticals, Inc.",lanreotide acetate,900773140-8,978.84,false,11/2/2022
Goodier Cosmetics LP,"Avobenzone, Octinoxate, Octisalate, Oxybenzone",649411761-9,148.59,false,11/13/2022
West-ward Pharmaceutical Corp.,Promethazine Hydrochloride,166904390-8,83.16,true,8/30/2022
"E.R. Squibb & Sons, L.L.C.",TRIAMCINOLONE ACETONIDE,132813443-1,197.9,false,12/7/2022
Kmart Corporation,Povidone-iodine,059146675-9,182.11,false,2/6/2022
Sun Pharma Global FZE,"Carbidopa, levodopa and entacapone",272833457-9,978.52,false,3/19/2022
Contract Pharmacy Services-PA,Risperidone,658836353-2,825.26,false,1/24/2022
STAT RX USA LLC,URSODIOL,053365533-1,831.39,true,2/4/2022
Rebel Distributors Corp,THYROID,804471253-4,665.85,false,7/4/2022
"L.N.K. International, Inc.","Diphenhydramine hydrochloride, ibuprofen",949986486-5,177.27,true,2/10/2022
REMEDYREPACK INC.,Prednisone,902399860-X,833.17,true,7/17/2022
Mondelez Global LLC,,262446125-6,314.3,true,3/19/2022
"AvKARE, Inc.",Nabumetone,216301326-X,883.01,true,1/19/2022
"Dispensing Solutions, Inc.",Bupropion Hydrochloride,888681831-9,795.7,true,1/16/2022
St Marys Medical Park Pharmacy,FENOFIBRATE,645582461-X,270.88,false,8/30/2022
Hannaford Brothers Company,"Dextromethorphan Hydrobromide, Guaifenesin",019416240-0,329.3,true,2/18/2022
SAFEWAY INC.,PYRITHIONE ZINC,296139432-5,328.78,false,11/12/2022
Teva Pharmaceuticals USA Inc,Lamotrigine,429865956-9,321.62,true,3/1/2022
West-Ward Pharmaceutical Corp.,Sodium Chloride,275325866-X,742.29,true,8/25/2022
Actavis Elizabeth LLC,Diltiazem Hydrochloride,479555635-0,503.99,false,3/23/2022
REMEDYREPACK INC.,Ibuprofen,205371900-1,473.92,false,10/2/2022
"Nelco Laboratories, Inc.",Rhodotorula mucilaginosa,686099713-3,249.73,true,12/14/2022
"Hospira, Inc.",METOCLOPRAMIDE HYDROCHLORIDE,974418698-4,766.74,true,11/16/2022
REMEDYREPACK INC.,Dapsone,223621135-X,96.64,false,7/1/2022
KAISER FOUNDATION HOSPITALS,ATORVASTATIN CALCIUM,470051754-9,,true,11/11/2022
REMEDYREPACK INC.,BUPROPION HYDROCHLORIDE,333179060-5,658.41,false,9/3/2022
Carilion Materials Management,Lithium Carbonate,419943914-5,887.95,false,4/24/2022
Premier Medical Distribution,Oxygen,550536892-1,477.79,false,11/18/2022
Advanced Natural Solutions,Natrum Muriaticum,628235592-3,552.63,false,8/10/2022
Uriel Pharmacy Inc.,Aurum 20,825754943-6,,true,8/20/2022
Ethex Corporation,oxycodone hydrochloride,168514394-6,537.64,false,4/22/2022
Perrigo New York Inc,Clotrimazole,801633375-3,502.96,false,9/19/2022
Teva Pharmaceuticals USA Inc,Naproxen Sodium,639516441-4,674.15,false,2/26/2022
Carilion Materials Management,pioglitazone,397141198-3,676.66,false,3/13/2022
"SJ Creations, Inc.",Ethyl Alcohol,736171215-0,940.05,true,5/6/2022
Ecolab Inc.,Benzalkonium chloride,421016777-0,305.08,true,10/31/2022
Acme United Corporation,Dimenhydrinate,458632260-8,884.25,true,3/6/2022
"Nelco Laboratories, Inc.",Wheat Bran,758656588-0,944.87,false,1/24/2022
Baxter Healthcare Corporation,"Leucine, Phenylalanine, Lysine, Methionine, Isoleucine, Valine, Histidine, Threonine, Tryptophan, Alanine, Glycine, Arginine, Proline, Serine, Tyrosine, Sodium Acetate, Dibasic Potassium Phosphate, Ma",105784928-6,,true,7/21/2022
The Kroger Co.,Salicylic acid,665282846-4,26.95,true,8/15/2022
Moore Medical LLC,"ACETAMINOPHEN, PHENYLEPHRINE HYDROCHLORIDE",017280809-X,837.89,false,7/20/2022
Taro Pharmaceuticals U.S.A. Inc.,Acetaminophen,209320595-5,25.1,false,8/11/2022
"Physicians Total Care, Inc.",Famciclovir,847666836-8,472.56,false,11/28/2022
"Teva Parenteral Medicines, Inc.",Paclitaxel,721270908-5,644.47,true,5/22/2022
"Dixon Investments, Inc.",benzalkonium chloride and lidocaine,933763701-4,180.93,true,12/30/2022
Northwind Pharmaceuticals,Naproxen,013175762-8,821.6,false,11/21/2022
"Boehringer Ingelheim Pharmaceuticals, Inc.",pramipexole dihydrochloride,382812181-0,139.73,false,9/18/2022
WAL-MART STORES INC,SELENIUM SULFIDE,317824232-5,522.71,true,6/30/2022
"Sun Pharmaceutical Industries, Inc.",,588874557-X,361.27,true,6/13/2022
B. Braun Medical Inc.,"DEXTROSE, SODIUM CHLORIDE, and POTASSIUM CHLORIDE",619812609-9,720.43,false,5/21/2022
American Health Packaging,Loratadine,841482430-7,96.11,false,1/1/2023
"Meijer Distribution, Inc.",Loratadine,478467268-0,693.73,true,9/18/2022
"Elizabeth Arden, Inc",Octinoxate,984445796-3,723.21,false,8/19/2022
"Prasco, Laboratories",,655105195-2,,true,10/27/2022
Rebel Distributors Corp.,Azithromycin monohydrate,261062676-2,633.2,false,1/28/2022
"DN Company Co., Ltd.",Dimethicone,185100123-9,135.3,true,11/2/2022
STAT Rx USA LLC,WARFARIN SODIUM,019570266-2,863.99,false,8/20/2022
Alston Garrard & Co,GUAIFENESIN,883912533-7,622.32,false,12/18/2022
American Sales Company,Acetaminophen,981036044-4,,false,4/23/2022
Contract Pharmacy Services-PA,Simvastatin,637302466-0,918.72,false,12/7/2022
Chengdu Shunfa Disinfection and Washing Technology Co Ltd,"Didecyldimethyl Ammonium,Triclosan, Borneol, Benzalkonium Bromide",740952439-1,729.97,true,2/7/2022
Lundbeck LLC,clobazam,046740981-1,224.14,true,9/9/2022
"Stephen L. LaFrance Pharmacy, Inc.",Dimenhydrinate,,243.71,false,7/16/2022
"ScieGen Pharmaceuticals, Inc.",Hydrochlorothiazide,906117109-1,188.21,true,6/23/2022
Hyland's,"ARNICA MONTANA, BLACK COHOSH, GUAIACUM OFFICINALE RESIN, BRYONIA ALBA ROOT, and TOXICODENDRON PUBESCENS LEAF",086353493-7,663.32,true,3/7/2022
Uriel Pharmacy Inc.,Juglans Stannum Special Order,958019415-7,503.86,true,10/19/2022
Western Family Foods Inc,,412363009-X,924.38,false,5/23/2022
Kroger Co,Castor Oil,487633685-7,469.25,true,3/18/2022
"Wyeth Pharmaceuticals Inc., a subsidiary of Pfizer Inc.","ESTROGENS, CONJUGATED",387714432-2,229.7,false,7/26/2022
DZA Brands LLC,Acetaminophen,012258683-2,837.38,true,12/10/2022
Walgreen,Potassium Nitrate and Sodium Fluoride,087671703-2,814.28,false,2/12/2022
LernaPharm Loris Inc.,ISOPROPYL ALCOHOL,579344430-0,388.58,false,9/10/2022
SUN PHARMACEUTICAL INDUSTRIES LIMITED,Octreotide Acetate,109449516-6,,false,7/24/2022
"Sungwon Pharmaceutical Co., Ltd.",CALCIUM CARBONATE,419897022-X,893.72,false,5/15/2022
McKesson,Ranitidine,472776314-1,674.13,false,7/27/2022
"Elizabeth Arden, Inc",OCTINOXATE and OXYBENZONE,558509033-X,626.77,true,1/7/2022
Respacare of Louisiana,Oxygen,095106318-9,,false,10/8/2022
"NCS HealthCare of KY, Inc dba Vangard Labs",Venlafaxine,538895179-0,876.87,true,5/30/2022
"Newton Laboratories, Inc.","Aconitum nap., Arg. nit., Arsenicum alb., Belladonna, Benzoicum acidum, Berber. vulg., Bryonia, Cantharis, Ceanothus, Chelidonium majus, Chionanthus virginica, Cinchona, Coffea cruda, Conium, Gelsemium, Ignatia, Iris versicolor, Mezereum, Nux vom., Passiflora, Pulsatilla, Rhus toxicodendron, Scutellaria lateriflora, Staphysag., Chamomilla, Taraxacum, Valeriana",,111.62,true,9/27/2022
"UDL Laboratories, Inc.",nadolol,485168883-0,184.72,false,10/14/2022
Neutrogena Corporation,Titanium Dioxide,051969587-9,72.24,false,11/26/2022
Septodont Inc.,bupivacaine hydrochloride and epinephrine bitartrate,171584054-2,538.37,,5/31/2022
L. Perrigo Company,Nicotine Polacrilex,969654732-3,124.5,false,4/9/2022
Sunovion Pharmaceuticals Inc.,levalbuterol hydrochloride,801857583-5,701.86,true,8/18/2022
Topco Associates LLC,,893795425-7,,false,6/21/2022
"Medline Industries, Inc.",Miconazole Nitrate,069322096-1,537.2,false,1/18/2022
McKesson Contract Packaging,oxybutynin chloride,466836316-2,748.95,false,10/15/2022
"Taro Pharmaceuticals U.S.A., Inc.",Etodolac,937723276-7,371.25,false,10/29/2022
Apotex Corp.,Ranitidine Hydrochloride,146314029-0,789.0,false,10/29/2022
Rebel Distributors Corp,Ipratropium Bromide,177315258-0,,false,6/20/2022
"Magna Pharmaceutcals, Inc.",,168644450-8,317.89,false,7/2/2022
Novartis Pharmaceutical Corporation,hypromellose,984220169-4,718.16,false,9/26/2022
"PD-Rx Pharmaceuticals, Inc.",Phentermine Hydrochloride,727026259-4,136.53,true,7/29/2022
Mission Pharmacal Company,SULFACETAMIDE SODIUM,799734852-2,535.66,false,6/11/2022
"Watson Pharma, Inc.",Norethindrone and Ethinyl Estradiol,921921698-1,205.26,false,6/21/2022
"Physicians Total Care, Inc.",venlafaxine hydrochloride,172513696-1,577.52,false,5/8/2022
REMEDYREPACK INC.,Metronidazole,876389550-1,934.63,false,9/16/2022
Jubilant HollisterStier LLC,Weed mix 2630,620427013-3,933.95,true,8/23/2022
Guthy-Renker LLC,ZINC OXIDE,265906720-1,526.51,true,8/6/2022
"Deseret Biologicals, Inc.",NOT APPLICABLE,677178691-9,188.79,true,7/24/2022
"Newton Laboratories, Inc.","Adrenalinum, Tarentula cubensis, Aconitum nap., Arg. nit., Arsenicum alb., Baptisia, Chamomilla, Cypripedium, Digitalis, Gelsemium, Humulus, Ignatia, Impatiens glandulifera flos, Iodium, Lachesis, Lycopodium, Nat. mur., Nux vom., Scutellaria lateriflora, Staphysag., Stramonium, Theridion, Echinacea, Gingko, Hypericum, Passiflora",785872694-3,983.92,false,9/1/2022
Amerisource Bergen,Acetaminophen,414201940-6,700.94,true,1/17/2022
"Burel Pharmaceuticals, LLC","OMEGA-3 FATTY ACIDS, THIAMINE MONONITRATE, RIBOFLAVIN, PYRIDOXINE HYDROCHLORIDE, CYANOCOBALAMIN, FOLIC ACID, CHOLECALCIFEROL, ASCORBIC ACID, ALPHA-TOCOPHEROL, CUPRIC SULFATE ANHYDROUS, ZINC OXIDE, IRO",626446736-7,725.68,true,5/27/2022
Ebewe Parenta Pharmaceuticals Inc,Papaverine Hydrochloride,870620614-X,634.81,true,8/19/2022
"Tom's of Maine, Inc.",Sodium fluoride,857411667-X,977.64,false,12/31/2022
"Wausau Paper Towel & Tissue, LLC",Chloroxylenol,494252462-8,484.33,false,4/3/2022
"Bioelements, Inc.",Sulfur,288332625-8,847.79,false,2/11/2022
"Dr. Dennis Gross Skincare, LLC","avobenzone, octinoxate",274282228-3,31.78,false,3/1/2022
"Nelco Laboratories, Inc.",,221065220-0,737.68,,12/12/2022
American Health Packaging,Methylphenidate Hydrochloride,035010163-9,187.61,true,11/12/2022
Sancilio & Company Inc,Sodium Fluoride,573628078-7,351.21,false,11/17/2022
"UDL Laboratories, Inc.",prochlorperazine maleate,428419784-3,668.92,false,4/3/2022
TOPCO ASSOCIATES LLC,BENZALKONIUM CHLORIDE,210168152-8,140.46,true,9/4/2022
"Par Pharmaceutical , Inc",cyanocobalamin,482275549-5,125.07,false,5/19/2022
McKesson,Benzalkonium Chloride,516624155-X,70.6,false,12/23/2022
AvPAK,risperidone,856411941-2,765.91,false,6/24/2022
Sun Pharmaceutical Industries Limited,Desmopressin Acetate,373572164-8,351.11,false,2/9/2022
"Blu Pharmaceuticals, LLC",Citalopram,468049074-8,337.18,false,8/16/2022
Pfizer Laboratories Div Pfizer Inc,MORPHINE SULFATE,879149605-5,622.48,false,8/24/2022
"Lupin Pharmaceuticals, Inc.",Imipramine Pamoate,262904543-9,393.23,true,6/8/2022
GeneraMedix Inc.,Melphalan Hydrochloride,309313156-1,704.58,true,10/19/2022
"A-Welders and Medical Supply, Inc",OXYGEN,254925911-4,889.9,true,10/15/2022
"EQUATE (Walmart Stores, Inc.)",Naproxen Sodium,155168179-X,497.04,true,5/14/2022
"Nelco Laboratories, Inc.",Loblolly Pine,124076153-8,,true,12/13/2022
REMEDYREPACK INC.,Oxcarbazepine,501719904-7,351.71,false,5/6/2022
"Advanced Beauty Systems, Inc.",Magnesium Sulfate,977187115-3,746.36,true,5/24/2022
"Dispensing Solutions, Inc.",Hydrocodone Bitartrate And Acetaminophen,094090679-1,685.1,true,10/19/2022
"NexMed (USA), Inc.",Hydrocortisone,789192680-8,545.8,true,12/28/2022
Aurobindo Pharma Limited,Sumatriptan Succinate,756685291-4,690.8,false,11/2/2022
Onset Dermatologics LLC,HYDROCORTISONE BUTYRATE,647856181-X,689.5,true,10/26/2022
Unit Dose Services,Oxycodone Hydrochloride,307662595-0,227.75,false,12/2/2022
"Blacksmith Brands, Inc.",Dextromethorphan Hydrobromide and Acetaminophen,165446077-X,615.22,false,7/22/2022
Geri-Care Pharmaceutical Corp,Aspirin,305492334-7,,true,8/4/2022
PJ Noyes Co. Inc.,Selan Antifungal,839546536-X,,false,12/16/2022
"Natural Creations, Inc.","Ailanthus Altissima Flowering Twig, Antimony Potassium Tartrate, Arsenic Trioxide, Atropa Belladonna, Camphor (Natural), Chamomile, Copper, Digitalis, Strychnos Ignatii Seed, Canis Lupus Familiaris Milk, Strychnos Nux-Vomica Seed",745355160-9,343.77,true,12/11/2022
"Physicians Total Care, Inc.",Levofloxacin,780897703-9,478.67,true,7/16/2022
Cardinal Health,Labetalol Hydrochloride,,237.42,false,12/23/2022
Medicine Shoppe International Inc,Magnesium hydroxide,,,false,10/24/2022
"STI Pharma, LLC",Ethambutol hydrochloride,506536248-3,367.12,true,7/1/2022
"Erno Laszlo, Inc.",Avobenzone and Octinoxate,709057183-1,242.47,false,8/27/2022
Qualitest Pharmaceuticals,acetaminophen,748650833-8,164.67,true,1/30/2022
Perrigo New York Inc,Nicotine Polacrilex,118077705-0,478.86,true,3/6/2022
Unit Dose Services,"METHYL SALICYLATE, MENTHOL, CAPSAICIN",919448141-5,771.61,false,9/1/2022
Rebel Distributors Corp,Methocarbamol,928095162-9,895.82,true,9/25/2022
"SHELBY PROFESSIONAL, INC.",MINOXIDIL,788803704-6,264.07,false,7/31/2022
King Bio Inc,Natural Medicine,309143168-1,715.51,true,7/16/2022
Hy-Vee,Diphenhydramine HCl,494559715-4,276.13,true,9/14/2022
Handock Cosmetics Inc,PSYLLIUM HUSK,901160672-8,347.23,false,2/3/2022
A.V. Pulmonary Care,OXYGEN,660015609-0,,false,12/12/2022
"Accord Healthcare, Inc.",Methotrexate,288907222-3,694.36,false,12/2/2022
REMEDYREPACK INC.,,653082915-6,916.41,true,9/1/2022
"Newton Laboratories, Inc.",,,396.99,true,7/20/2022
"Nelco Laboratories, Inc.",Cultivated Oat,684312819-X,436.4,false,6/3/2022
Cardinal Health,Torsemide,239349264-X,791.76,true,7/7/2022
Premier Value,Ibuprofen,469253185-1,608.27,false,1/9/2022
Major Pharmaceuticals,Citalopram Hydrobromide,234878552-8,252.16,true,8/24/2022
"CENTURION LABS, LLC","CODEINE PHOSPHATE, PHENYLEPHRINE HYDROCHLORIDE AND DIPHENHYDRAMINE HYDROCHLORIDE",159658120-4,277.24,false,4/10/2022
Procter & Gamble Manufacturing Company,Octinoxate and Zinc Oxide,687562113-4,540.18,false,7/9/2022
"Robanda International, Inc.","Avobenzone, Octinoxate, Octisilate and Oxybenzone",451945451-4,948.48,true,10/30/2022
COSTCO WHOLESALE CORPORATION,Acetaminophen,960990426-2,365.58,false,4/16/2022
"Henry Schein, Inc.",Acetaminophen,244233586-7,,false,8/5/2022
"Advanced Vision Research (Subsidiary of Akorn, Inc.)",Ketotifen Fumarate,745793324-7,125.55,false,6/21/2022
Mission Hills S.A de C.V,SODIUM FLUORIDE,393927909-9,219.54,false,5/25/2022
EQ Maxon Corp.,,851182043-4,906.62,false,7/27/2022
Wakefern Food Corporation,Phenylephrine hydrochloride,165291344-0,867.26,true,4/13/2022
Colgate Palmolive Company,Triclocarban,285918171-7,404.13,false,2/11/2022
Perrigo New York Inc,Tretinoin,268156305-4,673.88,false,7/24/2022
REMEDYREPACK INC.,risperidone,123772239-X,128.34,true,3/1/2022
"APOTHECA, INC",ZOLPIDEM TARTRATE,881738122-5,,true,7/7/2022
"General Injectables & Vaccines, Inc",Flumazenil,698375411-5,477.72,true,12/18/2022
The Procter & Gamble Manufacturing Company,Psyllium Husk,912940548-3,230.82,false,11/10/2022
"Actavis Pharma, Inc.",methylphenidate hydrochloride,424940305-X,90.26,true,6/12/2022
Barr Laboratories Inc.,Didanosine,990052943-X,487.78,true,11/6/2022
Rebel Distributors Corp,Hydrocortisone Butyrate,614841924-6,190.1,false,9/10/2022
Good Neighbor Pharmacy,"DEXTROMETHORPHAN HYDROBROMIDE, GUAIFENESIN",165043665-3,811.08,true,6/19/2022
Cardinal Health,lisinopril,599937899-0,485.82,true,6/15/2022
American Sales Company,"Acetaminophen, Dextromethorphan HBr, Guaifenesin, Phenylephrine HCl",087485970-0,998.94,true,8/4/2022
NASH-FINCH COMPANY,Ibuprofen,148097349-1,3.64,false,1/3/2023
"Preferred Pharmaceuticals, Inc",Menthol and Methyl Salicylate,756374432-0,178.55,true,2/2/2022
Rite Aid Corporation,"WITCH HAZEL, PHENYLEPHRINE HYDROCHLORIDE",148370949-3,760.51,true,7/23/2022
Kroger Company,Nicotine Polacrilex,748092372-4,725.72,true,5/29/2022
"Antigen Laboratories, Inc.",Western Black Willow,188283035-0,255.07,true,3/10/2022
NINGBO CLEANER DAILY USED PRODUCTS,,523725621-X,,true,1/19/2022
"AvKARE, Inc.",Acyclovir,131285004-3,129.39,true,10/20/2022
BioActive Nutritional,,616999565-3,,true,5/19/2022
PBM Pharmaceuticals Inc.,PHENOBARBITAL ELIXIR,535699470-2,59.56,true,5/7/2022
Actavis Inc.,Trimipramine maleate,454375794-7,333.52,true,9/7/2022
Greenstone LLC,DIPHENOXYLATE HYDROCHLORIDE and ATROPINE SULFATE,,703.6,false,11/29/2022
"Accra-Pac, Inc.",Homosalate and Octinoxate and Octisalate and Octocrylene and Oxybenzone and Avobenzone,955584629-4,27.62,true,11/11/2022
"Libertas Pharma, Inc.",,383968943-0,497.39,true,2/13/2022
"Derma Sciences Canada, Inc.","Zinc Oxide, Calamine",102182507-7,937.41,false,1/26/2022
"Antigen Laboratories, Inc.",Eucalyptus,293374529-1,851.43,true,8/20/2022
Uriel Pharmacy Inc.,Phosphorus 6,759858132-0,229.02,false,1/11/2022
GlaxoSmithKline Consumer Healthcare LP,potassium nitrate and sodium fluoride,032701954-9,,false,3/22/2022
AbbVie Inc.,Valproic Acid,159428308-7,162.22,true,2/8/2022
Keltman Pharmaceuticals Inc.,Gabapentin,772213337-1,937.56,false,6/28/2022
JELMA PHILIPPINES INC,"CAMPHOR, MENTHOL AND METHYL SALICYLATE",388578692-3,870.92,false,8/20/2022
Mylan Institutional Inc.,clonidine hydrochloride,308662516-3,500.59,true,4/17/2022
Sanofi-Aventis U.S. LLC,cefotaxime sodium,567240032-9,643.47,true,2/13/2022
"Mallinckrodt, Inc",diclofenac sodium,618523032-1,,false,9/4/2022
Physician Therapeutics LLC,"TRAZODONE HYDROCHLORIDE, CHOLINE",780259670-X,44.48,false,1/9/2022
"ALK-Abello, Inc.",Red Cedar,075037756-9,,true,1/10/2022
"Deseret Biologicals, Inc.","Acetyl coenzyme A, ATP (adenosine triphosphate disodium), Nadidum, Coumarinum, Argentum nitricum, Ipecacuanha, Robinia pseudoacacia, Sulphur, Nux vomica,",798552172-0,933.27,false,5/20/2022
Family Dollar,,791101246-6,436.12,true,3/7/2022
"Avanir Pharmaceuticals, Inc.",dextromethorphan hydrobromide and quinidine sulfate,800551941-9,125.06,true,6/27/2022
State of Florida DOH Central Pharmacy,Propranolol Hydrochloride,722756518-1,64.5,false,4/27/2022
Novartis Pharmaceuticals Corporation,HYPROMELLOSE,812817737-0,552.84,true,5/8/2022
Rij Pharmaceutical Corporation,"dextromethorphan hbr, guaifenesin, phenylephrine hcl",201365957-1,833.13,true,4/7/2022
"Chain Drug Consortium, LLC",LOPERAMIDE HYDROCHLORIDE,374487243-2,476.14,true,5/6/2022
Rebel Distributors Corp,nifedipine,681082605-X,,false,4/20/2022
"Nelco Laboratories, Inc.",Goat Epithelium,356599056-2,466.85,false,9/6/2022
Unifirst First Aid Corporation,calcium carbonate,890329831-4,162.6,false,10/8/2022
"Caraco Pharmaceutical Laboratories, Ltd.",Pramipexole,713234371-8,234.97,false,7/25/2022
A-S Medication Solutions LLC,Levothyroxine Sodium,924695347-9,920.04,true,9/15/2022
REMEDYREPACK INC.,Quetiapine Fumarate,905713191-9,894.42,true,5/25/2022
"SHISEIDO CO., LTD.",Octinoxate and Titanium dioxide,779458676-3,933.08,true,7/4/2022
Wal-Mart Stores Inc.,Salicylic Acid,305511218-0,882.93,false,6/23/2022
Publix Super Markets Inc,"glycerin, phenylephrine HCl, pramoxine HCl, white petrolatum",712037570-9,,true,1/16/2022
NorthStar Rx LLC,Simvastatin,371019122-X,815.51,true,7/19/2022
Cardinal Health,"Acetaminophen, Dextromethorphan HBr, Doxylamine Succinate, Phenylephrine HCl",848607681-1,,true,7/24/2022
GUILIN TIANHE PHARMACEUTICAL CO LTD,,155648112-8,807.49,,9/8/2022
"Elizabeth Arden, Inc",OCTINOXATE and TITANIUM DIOXIDE,237027340-2,748.64,false,3/28/2022
Rite Aid,Simethicone,839811458-4,345.05,true,7/11/2022
European Perfume Works Co. L.L.C,"Avobenzone, Homosalate, Octisalate, Octocrylene, Oxybenzone",301414763-X,750.59,true,1/18/2022
"Shanghai Yinjing Medical Supplies Co., Ltd.",ALCOHOL,750126439-2,553.1,false,7/11/2022
"Nelco Laboratories, Inc.",Gerbil Epithelium,750594572-6,,false,1/7/2022
"Antigen Laboratories, Inc.",Shagbark Hickory,869323727-6,985.08,false,3/26/2022
Proficient Rx LP,Fluoxetine Hydrochloride,542864397-8,39.21,true,8/21/2022
Ventura Corporation LTD.,Aluminum Sesquichlorohydrate,183366140-0,798.06,false,4/19/2022
"Physicians Total Care, Inc.",amiodarone hydrochloride,048422169-8,742.03,true,12/17/2022
"Breckenridge Pharmaceutical, Inc.",methscopolamine bromide,953807477-7,213.36,false,1/10/2022
Cardinal Health,Fluconazole,498142849-9,11.11,false,10/12/2022
Midlothian Laboratories,Hydrocodone Bitartrate and Acetaminophen,346833373-0,831.61,true,4/14/2022
Mylan Pharmaceuticals Inc.,bisoprolol fumarate,087511756-2,45.29,false,1/28/2022
Mylan Pharmaceuticals Inc.,Tretinoin,743938302-8,,true,7/5/2022
"Glenmark Generics Inc., USA",Trandolapril and Verapamil Hydrochloride,550028017-1,721.03,true,7/30/2022
PALADIN LABORATORIES (USA) INC,fomepizole,506185516-7,951.95,true,1/19/2022
Rebel Distributors Corp,lamivudine,650228248-2,591.05,true,7/30/2022
REMEDYREPACK INC.,Levothyroxine Sodium,317791696-9,364.78,false,10/4/2022
Rise International Group LLC,dimethicone,773062349-8,583.18,true,10/29/2022
Qualitest Pharmaceuticals,Promethazine Hydrochloride,749274461-7,414.86,false,9/22/2022
"Hospira, Inc.",MAGNESIUM SULFATE HEPTAHYDRATE,604767425-9,840.04,true,2/9/2022
Wal-Mart Stores Inc,"Acetaminophen, Doxylamine succinate , Phenylephrine HCl",909416963-0,541.32,false,8/22/2022
Ranbaxy Pharmaceuticals Inc.,Fosinopril Sodium and Hydrochlorothiazide,000714275-7,285.47,true,7/13/2022
"OMP, Inc.",OCTINOXATE and ZINC OXIDE,944811908-9,,false,5/10/2022
AvPAK,Zonisamide,915630657-1,504.23,false,9/6/2022
Ventura Corporation LTD,"Octinoxate, Titanium Dioxide, and Zinc Oxide",120795872-7,912.92,false,12/2/2022
"Aplicare, Inc.",Povidone-Iodine Sponge,458343531-2,436.31,false,4/23/2022
Reckitt Benckiser LLC,"Acetaminophen, Dextromethorphan Hydrobromide, Diphenhydramine Hydrochloride, Guaifenesin, and Phenylephrine Hydrochloride",831726983-3,741.44,false,9/12/2022
"PD-Rx Pharmaceuticals, Inc.",Metoprolol succinate,994523874-4,101.28,false,12/16/2022
"New World Imports, Inc.",Naproxen Sodium,768615634-6,,true,8/13/2022
Pfizer Laboratories Div Pfizer Inc,MORPHINE SULFATE and NALTREXONE HYDROCHLORIDE,,460.8,true,1/4/2023
"Hospira, Inc.",DEXTRAN 40,423748981-7,452.75,false,2/5/2022
Herbalife International of America Inc.,"Avobenzone, Octinoxate, Octisalate",380081256-8,628.18,true,8/31/2022
REMEDYREPACK INC.,Clindamycin Hydrochloride,002879705-1,484.4,false,1/26/2022
ReadyMeds,meloxicam,864308624-X,54.15,true,3/30/2022
"EMD Serono, Inc.",INTERFERON BETA-1A,302154083-X,847.56,true,12/31/2022
Mylan Pharmaceuticals Inc.,metoprolol succinate,941559314-8,,false,9/6/2022
Meijer Distribution Inc,Ranitidine,737548489-9,,false,7/26/2022
Cardinal Health,Budesonide,369349021-X,795.24,false,6/24/2022
"Unipack, Inc.",A and D Ointment,728871152-8,226.92,false,3/4/2022
Carilion Materials Management,Guanfacine,688224930-X,844.55,true,2/27/2022
"Skinfix, Inc.",Skin Protectant,595840324-9,681.79,false,2/19/2022
TRP Company,"ARNICA MONTANA - CITRULLUS COLOCYNTHIS FRUIT PULP - PSEUDOGNAPHALIUM OBTUSIFOLIUM - HYPERICUM PERFORATUM - POTASSIUM IODIDE - MAGNESIUM PHOSPHATE, DIBASIC TRIHYDRATE - TOXICODENDRON PUBESCENS LEAF -",436518438-5,,false,7/12/2022
Galentic Pharma (India) Priva Te Limited,antifungal,994116243-3,624.91,true,11/13/2022
Kroger Company,Omeprazole,886913967-0,64.72,false,8/10/2022
"ALK-Abello, Inc.",Brome Grass,,56.05,true,10/24/2022
Sandoz Inc,Piperacillin and Tazobactam,740056067-0,71.02,true,9/4/2022
Apotex Corp.,Calcitonin Salmon,373578484-4,717.58,true,10/8/2022
Dispensing Solutions Inc.,Fentanyl,327168646-7,668.31,true,3/15/2022
"Preferred Pharmaceuticals, Inc.",meloxicam,408890958-5,922.8,false,5/16/2022
Heritage Pharmaceuticals Inc.,Glyburide-Metformin Hydrochloride,202954824-3,292.73,false,11/30/2022
Lancaster S.A.M.,"Octinoxate, Octisalate",272373709-8,85.81,false,10/18/2022
"Physicians Total Care, Inc.",,521745439-3,59.92,false,6/7/2022
HOMEOLAB USA INC.,ANACARDIUM ORIENTALE,086144801-4,330.07,false,1/25/2022
"ALK-Abello, Inc.",Goldenrod,228585007-7,495.36,false,12/14/2022
CVS Pharmacy,Triclosan,667666293-0,,false,9/28/2022
Apotex Corp,Candesartan Cilexetil,806279310-9,,false,10/3/2022
Lake Erie Medical DBA Quality Care Products LLC,hydrochlorothiazide,904639087-X,,false,11/12/2022
"Hospira Worldwide, Inc.","RETINOL, ERGOCALCIFEROL, ASCORBIC ACID, NIACINAMIDE, THIAMINE, BIOTIN, FOLIC ACID, CYANOCOBALAMIN, .ALPHA.-TOCOPHEROL ACETATE, DL-, RIBOFLAVIN 5-PHOSPHATE SODIUM, PYRIDOXINE HYDROCHLORIDE, and DEXPANTHENOL",998368458-6,,true,4/6/2022
CVS PHARMACY,COLLOIDAL OATMEAL,297015112-X,795.24,false,4/19/2022
JCMH Home Health Products,Oxygen,094156383-9,233.85,true,1/29/2022
Goodier Cosmetics LP,"octinoxate, octisalate, titanium dioxide, zinc oxide",439394294-9,71.81,false,12/30/2022
"Time-Cap Labs, Inc",Aspirin,287703711-8,,true,11/1/2022
The Wellness Center,"Chimaphila Umbellata, Pituitaria Glandula (Suis), Sabal Serrulata, Uva-Ursi, Gelsemium Sempervirens, Sarsaparilla (Smilax Regelii)",212701488-X,33.74,true,3/15/2022
WALGREEN CO.,,840898622-8,,true,7/20/2022
Baxter Healthcare Corporation,Esmolol Hydrochloride,660749004-2,358.77,false,11/26/2022
"Akorn, Inc.",Tropicamide,967121352-9,489.67,true,7/31/2022
RESOLUTIONS LLC,"ZINC OXIDE, EUCALYPTUS OIL",864502857-3,497.43,false,2/23/2022
"Lupin Pharmaceuticals, Inc.","norethindrone and ethinyl estradiol, and ferrous fumarate",181355729-2,218.18,true,1/25/2022
Winthrop U.S.,levocetirizine dihydrochloride,202562511-1,943.32,false,11/30/2022
Cadila Healthcare Limited,Ramipril,197431793-5,620.84,true,9/29/2022
"Actavis Pharma, Inc.","Dextroamphetamine Saccharate, Amphetamine Aspartate, Dextroamphetamine Sulfate and Amphetamine Sulfate",980184488-4,271.0,false,11/4/2022
"Preferred Pharmaceuticals, Inc",Prednisone,394388361-2,894.48,false,6/9/2022
"Aphena Pharma Solutions - Tennessee, LLC",valsartan,043450183-2,953.21,false,1/30/2022
"Physicians Total Care, Inc.",Pentoxifylline,228072612-2,74.14,true,5/22/2022
"Antigen Laboratories, Inc.",Treatment Set TS330534,938711153-9,985.72,true,3/24/2022
Sanum-Kehlbeck GmbH & Co. KG,PENICILLIUM CHRYSOGENUM VAR. CHRYSOGENUM and PENICILLIUM GLABRUM,886749060-5,943.08,true,11/30/2022
FORTUNE PHARMACAL COMPANY LIMITED,"ACETAMINOPHEN, CHLORPHENIRAMINE MALEATE, PHENYLEPHRINE HYDROCHLORIDE",581382500-2,546.23,true,7/17/2022
"Pac-Dent International, Inc.",Benzocaine,054396464-7,,true,6/1/2022
"Fresh, Inc.","AVOBENZONE, OCTINOXATE",333861485-3,923.36,true,1/6/2022
ABT Belli-Materna Inc,SULFUR,953890508-3,13.53,true,9/4/2022
Bryant Ranch Prepack,lansoprazole,855657811-X,804.18,false,7/11/2022
McKesson (Sunmark),DOCUSATE SODIUM,375280154-9,,true,4/21/2022
"Antigen Laboratories, Inc.",Treatment Set TS330454,447328916-8,661.79,false,7/20/2022
Walgreen Co,White Petrolatum,720819112-3,998.27,true,8/23/2022
Natural Health Supply,BROMINE,756798635-3,73.34,false,9/22/2022
"Happy Sonic Global Co., Ltd.",,,128.05,true,11/6/2022
"Physicians Total Care, Inc.",Pramipexole Dihydrochloride,581888025-7,90.04,true,12/24/2022
Airgas Intermountain Inc,Oxygen,,264.98,false,11/15/2022
Teva Pharmaceuticals USA Inc,Losartan Potassium and Hydrochlorothiazide,302526214-1,809.48,true,11/16/2022
PureTek Corporation,Salicylic Acid,906331481-7,168.37,true,1/22/2022
"Caraco Pharmaceutical Laboratories, Ltd.",Oxycodone and Acetaminophen,068054280-9,661.76,false,12/24/2022
Sandoz Inc,Argatroban,833179631-4,301.1,false,11/30/2022
Ventura Corporation LTD.,Octinoxate and Oxybenzone,022798205-3,970.91,true,11/21/2022
State of Florida DOH Central Pharmacy,simvastatin,573440373-3,108.34,true,3/9/2022
Mylan Institutional Inc.,Chlordiazepoxide Hydrochloride,724733976-4,919.95,true,2/8/2022
West-ward Pharmaceutical Corp,CEFACLOR,652996596-3,519.67,false,6/13/2022
Sun Pharma Global FZE,Rizatriptan Benzoate,993795798-2,172.23,false,11/24/2022
"Bare Escentuals Beauty, Inc.",Titanium Dioxide,066619910-8,857.76,true,3/19/2022
"Owen Biosciences, Inc.",Ethyl Alcohol,,282.8,true,4/13/2022
GlaxoSmithKline Consumer Healthcare LP,sodium monofluorophosphate,846865180-X,682.23,true,11/8/2022
Fischer Pharmaceuticals Ltd,"Avobenzone, Homosalate, Octinoxate, Octisalate, Octocrylene , Oxybenzone",953954101-8,172.46,true,10/9/2022
"Safeway, Inc.",Diphenhydramine Hydrochloride,977548854-0,607.03,true,2/23/2022
American Health Packaging,Gabapentin,079420210-1,449.4,true,1/29/2022
Par Pharmaceutical Inc,Minoxidil,367302371-3,,false,4/29/2022
CVS Pharmacy,DIPHENHYDRAMINE HYDROCHLORIDE and ZINC ACETATE,119685510-2,,false,12/5/2022
Guthy-Renker LLC,ZINC OXIDE,238223574-8,126.39,true,1/16/2022
"AvKARE, Inc.",Trazodone Hydrochloride,636882851-X,739.51,false,6/21/2022
TYA Pharmaceuticals,Cephalexin,274539793-1,168.3,false,1/21/2022
REMEDYREPACK INC.,,248106376-7,473.75,false,1/5/2023
"Beacon Promotions, Inc.","OCTINOXATE, OXYBENZONE",949395834-5,933.06,true,9/27/2022
"Physicians Total Care, Inc.",Promethazine hydrochloride,113887250-4,16.82,true,10/29/2022
AmerisourceBergen (Good Neighbor Pharmacy) 46122,"Acetaminophen, Aspirin, Caffeine",658363541-0,,true,3/16/2022
"SJ Creations, Inc.",Triclosan,805341134-7,803.15,false,9/26/2022
"Physicians Total Care, Inc",TOPIRAMATE,362870518-5,864.45,true,8/31/2022
Rugby Laboratories,"Salicylic Acid, Colloidal Sulfur",392940866-X,562.74,false,12/28/2022
Major Pharmaceuticals,Glyburide,188993452-6,103.91,false,4/28/2022
Cardinal Health,Lidocaine Hydrochloride,093958661-4,330.71,false,2/16/2022
Clinigen Healthcare Ltd.,,137372268-1,799.07,true,6/17/2022
"BB17, LLC",ETHYL ALCOHOL,187880921-0,59.76,false,11/2/2022
ECR Pharmaceuticals,Dexamethasone,925091792-9,624.28,false,2/6/2022
HOMEOLAB USA INC,MAGNESIA PHOSPHORICA,714228208-8,200.94,false,1/10/2022
McKesson,Bismuth subsalicylate,375030951-5,260.29,true,1/23/2022
"Idelle Labs, Ltd",Aluminum Zirconium Tetrachlorohydrex Gly,185426469-9,241.06,false,9/29/2022
"Antigen Laboratories, Inc.",Treatment Set TS345463,805171202-1,990.98,false,2/11/2022
"Acella Pharmaceuticals, LLC","Dextromethorphan Hydrobromide, Pseudoephedrine Hydrochloride, Guaifensin",735236986-4,973.8,true,10/16/2022
NASH-FINCH COMPANY,"Acetaminophen, Diphenhydramine HCl",845369012-X,546.49,true,5/11/2022
Cardinal Health,Acyclovir,,822.28,true,2/2/2022
HyVee Inc,"dextromethorphan hbr, guaifenesin, phenylephrine hcl",131676364-1,324.18,true,5/30/2022
"Nostrum Laboratories, Inc.",Theophylline,290536952-3,,false,5/31/2022
"NCS HealthCare of KY, Inc dba Vangard Labs",Glipizide,275617440-8,70.1,true,6/18/2022
"Physicians Total Care, Inc.",dexmethylphenidate hydrochloride,599266334-7,667.52,false,2/4/2022
"Kutol Products Company, Inc",Foaming Antibacterial Handwash,488792807-6,882.41,true,11/19/2022
Zep Inc.,Triclosan,464141369-X,570.48,false,8/26/2022
Jubilant HollisterStier LLC,,,456.95,true,1/18/2022
Qualitest Pharmaceuticals,alprazolam,385270412-X,763.86,false,1/19/2022
Target Corp,Alcohol,005121277-3,688.49,false,11/20/2022
Apotex Corp.,Calcitonin Salmon,891425479-8,711.27,true,7/19/2022
McKesson,Dextromethorphan Hydrobromide / Guaifenesin,586553279-0,779.01,true,11/15/2022
"Watson Laboratories, Inc.",Loxapine,920075677-8,34.77,false,5/6/2022
Uriel Pharmacy Inc.,Arnica e pl. tota 6,434610630-7,742.61,false,6/18/2022
Ventura Corporation LTD,Octinoxate and Oxybenzone,330175575-5,,true,2/19/2022
Cardinal Health,Niacin,622195578-5,876.11,,10/11/2022
Bryant Ranch Prepack,Famotidine,660591937-8,462.77,false,1/31/2022
Walgreen Co,"Eucalyptol, menthol, methyl salicylate, thymol",100713661-8,717.9,false,3/30/2022
"Goldline Laboratories, Inc.",Sennosides,801933619-2,481.61,true,5/13/2022
"Med-Health Pharma, LLC",METFORMIN HYDROCHLORIDE,843196954-7,929.47,true,12/29/2022
"Physicians Total Care, Inc.",Ranitidine Hydrochloride,351560599-1,440.33,false,5/6/2022
"Matrixx Initiatives, Inc.",oxymetazoline Hydrochloride,030983239-X,421.83,true,6/1/2022
"Hospira, Inc.",DEXTROSE MONOHYDRATE,,,true,6/1/2022
"WOONSOCKET PRESCRIPTION CENTER,INCORPORATED",Aspirin,956597911-4,892.17,false,6/18/2022
"Humco Holding Grou, Inc.",Methyl Salicylate,188133688-3,988.47,false,6/10/2022
Select Brand,,376582476-3,,false,3/11/2022
BluePoint Laboratories,Glimepiride,362550320-4,,true,10/23/2022
"Nelco Laboratories, Inc.",Soft Cheat Brome,073212213-9,24.95,false,6/20/2022
"Blenheim Pharmacal, Inc.",Dicyclomine Hydrochloride,457044323-0,,true,9/13/2022
"Nelco Laboratories, Inc.",,482586592-5,936.16,true,1/18/2022
American Health Packaging,Zolpidem Tartrate,143520748-3,940.98,true,4/18/2022
Banner Pharmacaps,Paricalcitol,,741.44,false,12/31/2022
Ventura Corporation LTD.,Octinoxate and Oxybenzone,274890870-8,70.23,false,10/11/2022
Cardinal Health,Sulfamethoxazole and Trimethoprim,411134828-9,500.89,true,12/24/2022
McKesson,"Acetaminophen, Aspirin, Caffeine",139603298-3,36.5,true,9/23/2022
Parfums Christian Dior,"TITANIUM DIOXIDE, OCTINOXATE",,420.36,false,8/7/2022
Guna spa,ACTIVATED CHARCOAL - AETHUSA CYNAPIUM - APOMORPHINE HYDROCHLORIDE - BRYONIA ALBA ROOT - COLCHICUM AUTUMNALE BULB - IPECAC - LYCOPODIUM CLAVATUM SPORE - STRYCHNOS IGNATII SEED - STRYCHNOS NUX-VOMICA SE,515207116-9,151.73,false,11/30/2022
Qualitest Pharmaceuticals,Oxycodone hydrochloride and Acetaminophen,,107.22,false,11/19/2022
Ventura International Ltd,Aluminum Sesquichlorohydrate,623435711-3,349.72,false,6/11/2022
"Whisk Products, Inc.",Alcohol,618786221-X,535.22,false,8/15/2022
Novartis Pharmaceuticals Corporation,estradiol,780134036-1,979.26,false,1/11/2022
Hikma Pharmaceutical,Prednisone,244661393-4,111.75,true,6/24/2022
CRC (Cosmoceutical Research Center),Trichloroacetic Acid,919772492-0,883.76,true,11/28/2022
Dr. Reddy's Laboratories Limited,Ibuprofen,971400607-4,328.78,true,8/25/2022
Covidien Inc.,Miconazole nitrate,119965128-1,302.08,true,9/26/2022
Reckitt Benckiser (UK) Ltd,Chloroxylenol,213654898-0,303.27,true,8/27/2022
"Nelco Laboratories, Inc.",Curly Dock,240052148-4,,false,8/3/2022
"PD-Rx Pharmaceuticals, Inc.",Prednisone,725354043-3,164.3,false,9/14/2022
Air Liquide America Specialty Gases LLC,Oxygen,951550536-4,180.68,false,4/4/2022
McKesson,"Menthol, Methyl salicylate",004059117-4,873.82,true,1/24/2022
Medtech Products Inc.,Dextromethorphan Hydrobromide and Phenylephrine Hydrochloride,920044459-8,,true,2/17/2022
"ABLE C&C CO., LTD.","TITANIUM DIOXIDE, OCTINOXATE, ZINC OXIDE",694394276-X,,true,1/18/2022
Procter & Gamble Manufacturing Company,Sodium Fluoride,813064097-X,,true,11/5/2022
"Preferred Pharmaceuticals, Inc.",albuterol sulfate,998909011-4,663.82,true,5/17/2022
"Physicians Total Care, Inc.",norethindrone acetate and ethinyl estradiol,402069877-5,748.2,false,5/15/2022
"Chain Drug Consortium, LLC (Premier Value)",Diphenhydramine HCl,488015641-8,31.7,true,5/25/2022
Cardinal Health,Cilostazol,082625345-8,,false,8/28/2022
REMEDY MAKERS,,791734732-X,,true,2/8/2022
"G&W Laboratories, Inc.",Glycerin,293050303-3,527.49,true,8/1/2022
"Shopko Stores Operating Co., LLC",Polyethylene Glycol 3350,300238511-5,526.9,,11/25/2022
Sagent Pharmaceuticals,ceftriaxone,620215977-4,863.11,true,6/16/2022
Hello Products LLC,Sodium Fluoride,037782569-7,679.21,true,8/25/2022
"Allergy Laboratories, Inc.",carya tomentosa pollen and carya laciniosa pollen and carya ovata pollen and carya glabra pollen,603530713-2,933.55,true,2/25/2022
"Blu Pharmaceuticals, LLC",ALENDRONATE SODIUM,423314402-5,178.36,false,5/24/2022
"Rare Disease Therapeutics, Inc.",nitisinone,827389010-4,229.88,false,3/15/2022
"ALK-Abello, Inc.",White Ash,668782444-9,,true,1/11/2022
"Asept Pak, Inc.",Water,800167993-4,368.47,false,9/20/2022
Aidarex Pharmaceuticals LLC,Alprazolam,479500602-4,144.15,false,12/13/2022
"Physicians Total Care, Inc.",Candesartan cilexetil,610893725-4,618.8,true,8/29/2022
Target Corporation,Aspirin,900019492-X,299.6,true,9/1/2022
Baxter Healthcare Corporation,Antihemophilic Factor Recombinant,877689254-9,281.8,false,10/18/2022
"Solco Healthcare US, LLC",Irbesartan and Hydrochlorothiazide,514077501-8,702.45,true,4/22/2022
"HANLIM PHARM. CO., LTD.",TETRAHYDROZOLINE HYDROCHLORIDE AND ZINC SULFATE,635026180-1,64.58,true,12/16/2022
Jubilant Cadista Pharmaceuticals Inc.,Lamotrigine,355437794-5,246.57,false,1/3/2023
Dr. Reddy's Laboratories Ltd,divalproex sodium,881219286-6,408.59,true,9/14/2022
"INDUSTRIAL SPECIALTIES, INC.",alcohol,101481555-X,431.34,false,6/11/2022
"AAA Pharmaceutical, Inc.",ACETAMINOPHEN and DIPHENHYDRAMINE HYDROCHLORIDE,543706699-6,901.28,false,4/30/2022
"Janssen Products, LP",Erythropoietin,482944961-6,53.88,true,7/5/2022
KIK Custom Products,"Avobenzone, Homosalate, Octisalate, Octocrylene, Oxybenzone",058806628-1,882.08,true,2/24/2022
Meijer Distribution Inc,Cetirizine Hydrochloride,963354185-9,907.08,false,6/26/2022
AstraZeneca LP,metoprolol succinate and hydrochlorothiazide,894572812-0,387.7,false,2/8/2022
"Preferred Pharmaceuticals, Inc",Levothyroxine Sodium,,614.89,true,3/12/2022
Ohm Laboratories Inc.,Ranitidine Hydrochloride,557220227-4,567.64,false,11/2/2022
Teva Pharmaceuticals USA Inc,Silver Nitrate,673471165-X,682.86,false,7/15/2022
"Northwind Pharmaceuticals, LLC",Meclizine Hydrochloride,231005832-7,,false,3/3/2022
Aurobindo Pharma Limited,Quetiapine Fumarate,176355640-9,390.19,true,10/7/2022
"SJ Creations, Inc.",Triclosan,681502484-9,,false,4/11/2022
"Lannett Company, Inc.","Butalbital, aspirin, and caffeine",862432803-9,,true,11/27/2022
"Preferred Pharmaceuticals, Inc.",Clindamycin Hydrochloride,772763689-4,337.31,true,3/18/2022
"Acura Pharmaceuticals, Inc.",pseudoephedrine HCL,234742382-7,448.48,true,9/27/2022
"Lupin Pharmaceuticals, Inc.",Amlodipine Besylate and Benazepril Hydrochloride,372495574-X,774.13,true,11/9/2022
"SHISEIDO CO., LTD.",TITANIUM DIOXIDE,757006880-7,617.39,false,8/10/2022
"Hospira, Inc.","POTASSIUM CHLORIDE, SODIUM CHLORIDE, CALCIUM CHLORIDE, and MAGNESIUM CHLORIDE",534452607-5,861.38,false,12/31/2022
"Medline Industries, Inc.",Dimethicone,196038986-6,379.99,true,5/21/2022
REMEDYREPACK INC.,Hydroxyzine Pamoate,099741256-9,478.15,false,7/24/2022
"Antigen Laboratories, Inc.",Grass Smut Mixture,383978273-2,374.57,true,10/2/2022
"Physicians Total Care, Inc.",,364790547-X,543.65,false,11/17/2022
"Hospira, Inc.",ATROPINE SULFATE,249847401-3,430.91,true,11/5/2022
"Wal-Mart Stores, Inc.",,164142619-5,829.82,true,7/17/2022
Jubilant Cadista Pharmaceuticals Inc.,Terazosin Hydrochloride,749602318-3,390.15,true,2/24/2022
"BioActive Nutritional, Inc.",not applicable,699407224-X,156.89,true,12/19/2022
"Bare Escentuals Beauty, Inc.",Titanium Dioxide,530576808-X,964.34,false,12/29/2022
"Amphastar Pharmaceuticals, Inc.",Morphine Sulfate,916513110-X,352.92,true,1/14/2022
Eli Lilly and Company,,281018321-X,926.5,true,10/9/2022
American Health Packaging,Metaxalone,635231889-4,10.69,true,10/25/2022
"Insys Therapeutics, Inc.",FENTANYL,908635430-0,979.23,true,5/19/2022
PHARMAZEUTISCHE FABRIK DR. RECKEWEG & CO,"Aconitum napellus 4X, Arsenicum album 30X, Colocynthis 4X, Gnaphalium polycephalum 3X, Magnesia phosphorica 8X",986110555-7,891.91,false,5/14/2022
"BioActive Nutritional, Inc.","Sorrel mixture, Grass mixture, Goldenrod, Red Clover, Alfalfa, Ragweed mixture, tree mixture",162488848-8,185.09,false,11/18/2022
"MARTIN EKWEALOR PHARMACEUTICALS, INC.","ASCORBIC ACID, NIACINAMIDE, PYRIDOXINE HYDROCHLORIDE, CALCIUM PANTOTHENATE, THIAMINE MONONITRATE, FOLIC ACID, BIOTIN, CYANOCOBALAMIN",991873217-2,650.38,true,4/20/2022
McKesson,ASPIRIN,129816645-4,118.44,true,5/4/2022
"Golden State Medical Supply, Inc.",DULOXETINE HYDROCHLORIDE,487123685-4,684.38,false,5/18/2022
"Taro Pharmaceuticals U.S.A., Inc.",clobetasol propionate,408134001-3,234.23,false,12/9/2022
"Physicians Total Care, Inc.",metronidazole,755418720-1,816.24,false,6/14/2022
REMEDYREPACK INC.,Perphenazine,,992.2,true,5/17/2022
"Nelco Laboratories, Inc.",,262098324-X,239.4,true,1/22/2022
"AAA Pharmaceutical, Inc.",Acetaminophen,495537756-4,854.42,false,8/1/2022
McKesson Contract Packaging,lisinopril,767499978-5,962.69,true,2/16/2022
Jafra Cosmetics International,"Avobenzone, Octinoxate, Octisalate, Oxybenzone",902096671-5,235.11,true,2/18/2022
"Hospira, Inc.",ERYTHROMYCIN LACTOBIONATE,720138278-0,227.1,true,4/25/2022
Quality Home Products,"Acetaminophen, Dextromethorphan HBr, and Phenylephrine HCL.",084186662-7,970.87,false,8/25/2022
Heritage Pharmaceuticals Inc.,CIDOFOVIR DIHYDRATE,685418333-2,899.55,false,12/30/2022
"Upstate Pharma, LLC",metolazone,229056680-2,735.56,true,11/9/2022
"Nelco Laboratories, Inc.",Green Olive,131621672-1,920.63,true,1/24/2022
"Cephalon, Inc.",tbo-filgrastim,038732103-9,732.66,true,12/31/2022
Sago Natural Products,"Symphytum officinale, Bellis perennis, Hypericum perforatum, Magnesia Phosphorica, Ruta graveolens, Arnica montana,",817739731-1,59.86,true,8/3/2022
Apotex Corp,Risperidone,200370637-2,394.2,true,8/30/2022
"Nelco Laboratories, Inc.",Burr Oak,908264133-X,593.44,true,8/22/2022
Vi-Jon,EUCALYPTOL,101879820-X,875.54,true,10/28/2022
Mylan Institutional Inc.,metolazone,978431051-1,261.19,false,7/5/2022
Rugby Laboratories,Nicotine,446763620-X,807.78,true,4/12/2022
Natural Health Supply,PICEA MARIANA RESIN,689665273-X,612.38,true,7/30/2022
Apotex Corp,Quinapril Hydrochloride and Hydrochlorothiazide,901704548-5,343.41,true,1/21/2022
"Gammie Home Care, Inc.",Oxygen,571866175-8,4.28,true,8/2/2022
"Nelco Laboratories, Inc.",Goat Epithelium,346301913-2,360.47,true,11/5/2022
"CVS Pharmacy, Inc",Alcohol,381909033-9,575.23,false,9/25/2022
Natura Bisse International,"Ethylhexyl Methoxycinnamate (Octinoxate), Titanium Dioxide, Zinc Oxide",834572527-9,,true,1/23/2022
Cardinal Health,Docusate Sodium,801991844-2,39.5,true,5/28/2022
"NCS HealthCare of KY, Inc dba Vangard Labs",Isosorbide Dinitrate,,916.7,true,12/2/2022
Walgreen Company,"acetaminophen, dextromethorphan hydrobromide and doxylamine succinate liquid",197573790-3,467.64,false,3/2/2022
Prasco Laboratories,calcipotriene,576641176-6,609.26,false,1/27/2022
Boehringer Ingelheim Pharmaceuticals Inc.,ipratropium bromide and albuterol,924645171-6,110.81,false,12/28/2022
"DAVA Pharmaceuticals, Inc.",GlyBURIDE,,662.44,true,11/3/2022
"Nelco Laboratories, Inc.",Lime,308440726-6,950.39,false,10/31/2022
"Meijer Distribution, Inc",Petrolatum,975212559-X,,true,5/4/2022
Conopco Inc. d/b/a Unilever,Aluminum Zirconium Tetrachlorohydrex GLY,139514724-8,784.01,true,9/14/2022
Walgreens Co,"Eucalyptol, menthol, methyl salicylate, thymol",058841518-9,171.48,true,12/11/2022
Industrias Lavin de Mexico S.A. de C.V.,Aluminum Chlorohydrate,835677599-X,713.68,false,4/8/2022
"Ilex Consumer Products Group, LLC",Acetaminophen and Chlorpheniramine Maleate,550246971-9,223.94,true,2/16/2022
Summers Laboratories Inc,salicylic acid,215251371-1,527.89,false,5/5/2022
Cardinal Health,Esomeprazole magnesium,276249127-4,1.83,true,5/5/2022
"CorePharma, LLC",Dextroamphetamine saccharate and amphetamine aspartate monohydrate and dextroamphetamine sulfate and amphetamine sulfate,297992172-6,680.18,true,11/8/2022
Rite Aid Corporation,,732722631-1,608.46,true,3/7/2022
AvPAK,isosorbide mononitrate,089697169-4,876.82,false,10/24/2022
KAS Direct LLC dba BabyGanics,"OCTINOXATE, OCTISALATE, and ZINC OXIDE",733430353-9,,true,2/18/2022
Vi-Jon,Ethyl Alcohol,569901984-7,24.18,true,7/8/2022
LVMH Fragrance Brands,TITANIUM DIOXIDE,007371631-6,620.13,true,9/16/2022
"Avon Products, Inc.",aluminum zirconium pentachlorohydrate,319606345-3,296.77,false,12/28/2022
King Bio Inc.,"Antimonium crudum, Argentum nitricum, Carbo vegetabilis, Chelidonium majus, Cinchona officinalis, Graphites, Hydrastis canadensis, Ipecacuanha, Kali carbonicum, Lycopodium clavatum, Nux vomica, Pulsatilla",618809685-5,674.99,false,7/9/2022
WALGREEN CO.,Bisacodyl,226275459-4,364.75,true,8/27/2022
Actavis Elizabeth LLC,,145246248-8,324.44,true,3/14/2022
AR Medicom Inc,"benzocaine, tetracaine hydrochloride",134901223-8,157.67,true,4/1/2022
Bayer HealthCare Pharmaceuticals Inc.,ciprofloxacin,035692371-1,301.29,false,10/18/2022
"THEFACESHOP CO., LTD.",TITANIUM DIOXIDE,185750438-0,299.58,false,4/11/2022
"Henry Schein, Inc.",petrolatum,840402219-4,601.21,true,10/16/2022
"Nelco Laboratories, Inc.",Soybean,346182755-X,870.48,false,3/12/2022
Cardinal Health,Hydralazine Hydrochloride,062732751-6,37.0,false,8/16/2022
"Nelco Laboratories, Inc.",Wheat Bunt,812324070-8,746.16,false,6/21/2022
"Synergy Formulas, Inc","Chelidonium Majus, Echinacea(Angustifolia), Glandula Suprarenalis Bovine, Spleen(bovine), Carduus Marianus, Natrum Muriaticum, Phosporicum Acidum",976370451-0,92.0,false,11/10/2022
Aidarex Pharmaceuticals LLC,Hydrocodone Bitartrate And Acetaminophen,975934683-4,591.32,false,4/13/2022
"Physicians Total Care, Inc.",verapamil hydrochloride,938299943-4,478.13,true,12/25/2022
Aurolife Pharma LLC,Sertraline Hydrochloride,958932488-6,562.4,true,5/30/2022
Forces of Nature,Thuja occidentalis leafy twig,573086343-8,37.49,true,12/24/2022
King Bio Inc.,"Aconitum napellus, Angelica archangelica, Argentum nitricum, Arnica montana, Calendula officinalis, Cimicifuga racemosa, Cistus canadensis, Clematis vitalba, flos, Hypericum perforatum, Impatiens glandulifera, flos, Nitricum acidum, Ornithogalum umbellatum, Prunus cerasifera, flos, Pulsatilla",273780524-4,992.62,true,8/30/2022
Topco Associates LLC,,793679216-3,936.07,true,3/19/2022
HyVee Inc,loperamide HCl,978979240-9,519.9,false,9/26/2022
Farmina sp. z o.o.,CALENDULA OFFICINALIS FLOWERING TOP,044437027-7,,true,2/14/2022
"NCS HealthCare of KY, Inc dba Vangard Labs",Digoxin,276116498-9,285.05,true,9/13/2022
Neutrogena Corporation,Octinoxate and Oxybenzone,187928623-8,298.49,true,9/25/2022
"General Injectables and Vaccines, Inc.",Amiodarone Hydrochloride,,140.69,false,11/29/2022
Apotex Corp.,AZELASTINE HYDROCHLORIDE,224105339-2,54.46,true,2/2/2022
Natures Way Holding Co.,Coffea cruda,441424704-7,461.25,true,11/25/2022
"Physicians Total Care, Inc.",Metoprolol Succinate,795512786-2,315.59,true,6/19/2022
REMEDYREPACK INC.,Naproxen,285364015-9,435.08,false,2/2/2022
"Xiamen Anna Global Co., Ltd",ALCOHOL,738328897-1,89.66,true,4/30/2022
"PD-Rx Pharmaceuticals, Inc.",Prednisone,514404275-9,281.59,false,3/1/2022
"Preferred Pharmaceuticals, Inc.",Acyclovir,702889867-9,48.82,false,11/19/2022
"Liddell Laboratories, Inc.",not applicable,409927079-3,760.88,false,1/26/2022
"Physicians Total Care, Inc.",olmesartan medoxomil,663674824-9,17.12,false,3/22/2022
Neutrogena Corporation,Salicylic Acid,209019023-X,135.75,true,8/8/2022
REMEDYREPACK INC.,Gentamicin Sulfate,078584699-9,910.49,false,9/4/2022
L'Oreal USA Products Inc,"Avobenzone, Octisalate and Octocrylene",062431161-9,294.77,false,2/23/2022
"Nelco Laboratories, Inc.",Poplar,,698.79,false,8/4/2022
"Physicians Total Care, Inc.",Guaifenesin and Dextromethorphan Hydrobromide,751267654-9,474.16,true,9/18/2022
"Fresenius Kabi USA, LLC",THIAMINE HYDROCHLORIDE,264821719-3,639.19,true,10/8/2022
"Nelco Laboratories, Inc.",Aspergillus fumigatus,964529759-1,996.77,false,4/30/2022
"Nelco Laboratories, Inc.",Jute,471430854-8,,true,5/15/2022
Valeant Pharmaceuticals North America LLC,"Homosalate, Octinoxate, Octocrylene, and Zinc oxide",072253311-X,773.5,false,4/27/2022
Revitol Corporation,Benzoyl Peroxide,069891760-X,944.53,false,2/9/2022
"ALK-Abello, Inc.",Olive Pollen,970879534-8,261.55,false,5/11/2022
Aaron Industries Inc (SC),Hydrogen Peroxide,902185943-2,786.17,false,11/24/2022
SHISEIDO AMERICAS CORPORATION,"OCTINOXATE, OCTOCRYLENE, and TITANIUM DIOXIDE",922242442-5,403.09,true,4/21/2022
"ALK-Abello, Inc.",HORSE EPITHELIA,,505.44,true,2/13/2022
"Arbor Pharmaceuticals, Inc.",Erythromycin Ethylsuccinate,999061098-3,450.0,true,4/11/2022
Conopco Inc. d/b/a Unilever,Aluminum Zirconium Tetrachlorohydrex GLY,386575268-3,622.02,true,11/9/2022
"AvKARE, Inc.",Pramipexole Dihydrochloride,613293954-7,777.27,true,12/23/2022
White Manufacturing Inc. DBA Micro West,"ARSENIC TRIOXIDE,RED CLOVER,PHYTOLACCA AMERICANA ROOT",468560282-X,278.93,,5/9/2022
"Preferred Pharmaceuticals, Inc",Neomycin and Polymyxin B Sulfates and Dexamethasone,534565852-8,575.89,false,3/4/2022
"Hospira, Inc.",METHYLPREDNISOLONE SODIUM SUCCINATE,113203068-4,555.07,false,4/3/2022
Lake Erie Medical & Surgical Supply DBA Quality Care Products LLC,Niacin,102008311-5,832.8,true,3/3/2022
A-S Medication Solutions LLC,Betamethasone Dipropionate,397775364-9,228.27,false,5/31/2022
"General Injectables & Vaccines, Inc",,390446442-6,819.34,true,11/12/2022
"AMI Cosmetic Co.,Ltd.",Glycerin,397582037-3,116.95,false,6/8/2022
Acetylene Oxygen Company,HELIOX,026558347-0,362.82,true,8/19/2022
Conopco Inc. d/b/a Unilever,Aluminum Zirconium Tetrachlorohydrex GLY,602213884-1,356.06,true,5/9/2022
Par Pharmaceutical Inc.,doxycycline,443874355-9,,true,9/1/2022
"Deseret Biologicals, Inc.","Asclepias vincetoxicum, Echinacea (Angustifolia), Hypothalamus (suis), Brain (suis), Hepar suis, Methylcobalamin, Pancreas suis, Kidney (suis),",671848878-X,133.81,false,11/12/2022
"BioActive Nutritional, Inc.","Triticum Aestivum, Berberis Vulgaris, Glycyrrhiza Glabra, Lappa Major, Phytolacca Decandra, Rhamnus Frangula, Rhamnus Purshiana, Stillingia Sylvatica",395647131-8,461.49,false,3/9/2022
CareFusion 213 LLC,chlorhexidine gluconate and isopropyl alcohol,399071366-3,536.31,true,11/19/2022
Supervalu Inc,,805292963-6,270.16,true,11/12/2022
"Nelco Laboratories, Inc.",,173346955-9,246.53,false,6/30/2022
WOCKHARDT USA LLC,RANITIDINE HYDROCHLORIDE,080720793-4,91.72,true,11/29/2022
REMEDYREPACK INC.,Fluticasone Propionate,673808433-1,,false,8/15/2022
REMEDYREPACK INC.,,051717634-3,908.74,false,9/1/2022
"Nelco Laboratories, Inc.",Papaya,734257634-4,919.49,false,10/31/2022
American Health Packaging,Simvastatin,536081061-0,176.46,true,9/29/2022
Cantrell Drug Company,Midazolam HCl,743264655-4,29.9,false,3/14/2022
Amerisource Bergen,Ibuprofen,233659028-X,36.35,true,11/29/2022
Lake Erie Medical & Surgical Supply DBA Quality Care Products LLC,darifenacin,816374586-X,580.4,false,12/4/2022
Actavis Elizabeth LLC,Oxycodone and Acetaminophen,461642497-7,203.05,true,11/22/2022
Wockhardt Limited,Pioglitazone,,78.08,false,10/5/2022
Rebel Distributors Corp.,METFORMIN HYDROCHLORIDE,785989460-2,755.73,false,10/8/2022
Mylan Institutional Inc.,Indapamide,418329447-9,471.97,false,6/10/2022
"Autumn Harp, Inc.",Zinc Oxide,170506695-X,,false,8/2/2022
Janssen Cosmetics GmbH,Octocrylene and Octinoxate,196646105-4,579.12,false,3/20/2022
Dynarex Corporation,MINERAL OIL,,358.86,false,10/25/2022
Greenstone LLC,glipizide,575537583-6,457.53,true,1/24/2022
"Bath & Body Works, Inc.",Alcohol,550743592-8,597.82,false,5/7/2022
REMEDYREPACK INC.,CHLORPROMAZINE HYDROCHLORIDE,510810014-0,575.17,false,10/18/2022
"Eon Labs, Inc.",phentermine hydrochloride,465453626-4,843.1,false,7/20/2022
"Family Dollar Services, Inc",White Petrolatum,264221526-1,546.84,true,3/21/2022
"Aplicare, Inc.",Chlorhexidine Gluconate,676510019-9,560.56,true,5/27/2022
Access Business Group LLC,"HOMOSALATE, OXYBENZONE, OCTISALATE, AVOBENZONE, OCTOCRYLENE",495265627-6,429.71,true,1/21/2022
SOHM Inc.,Caffeine,301332734-0,304.35,true,2/27/2022
KANEBO COSMETICS INC,TITANIUM DIOXIDE,795597789-0,21.93,false,1/31/2022
Insight Pharmaceuticals,Salicylic Acid,287968386-6,,true,5/23/2022
"NATURE REPUBLIC CO., LTD.",Alcohol,042097604-3,691.81,true,3/17/2022
Topco Associates LLC,"Acetaminophen, Phenylephrine HCl",840084654-0,780.88,false,2/12/2022
Cintas Corp.,Hand Soap,985783832-4,788.51,true,12/16/2022
Bristol-Myers Squibb Company,didanosine,528580439-6,740.28,false,10/22/2022
Rite Aid Corporation,oxymetazoline hydrochloride,737526210-1,,false,2/11/2022
E. Fougera & Co. a division of Fougera Pharmaceuticals Inc.,nystatin and triamcinolone acetonide,708404525-2,430.74,true,2/4/2022
"Pack Pharmaceuticals, LLC",ciprofloxacin,,269.15,true,11/8/2022
"BioActive Nutritional, Inc.","Baptisia Tinctoria, Echinacea, Lomatium Dissectum, Tabebuia Impetiginosa, Propolis, Spleen, Thymus, Thyroidinum",673425461-5,108.85,true,5/26/2022
"Deseret Biologicals, Inc.","Aquilegia Vulgaris, Hydrastis Canadensis, Lilium Tigrinum, Bovista, Cypripedium Pubescens, Apiolum",201339175-7,18.9,true,9/2/2022
CVS,Miconazole nitrate,229930930-6,999.9,false,4/2/2022
"PD-Rx Pharmaceuticals, Inc.",Risperidone,753041215-9,524.62,true,3/25/2022
Leader,BISMUTH SUBSALICYLATE,339402971-5,414.26,true,7/16/2022
Unifirst First Aid Corporation,,682132725-4,,false,12/14/2022
Rite Aid,"Acetaminophen, Dextromethorphan Hydrobromide, Doxylamine Succinate",302679452-X,388.09,true,8/9/2022
Greenstone LLC,SIROLIMUS,713197366-1,271.04,true,10/25/2022
American Sales Company,Ibuprofen,741819529-X,133.75,true,3/29/2022
"Pacific Pharma, Inc.",timolol maleate,317479012-3,681.82,true,11/12/2022
"Elizabeth Arden, Inc",OCTINOXATE and TITANIUM DIOXIDE,195746649-9,974.22,true,8/18/2022
REMEDYREPACK INC.,BACITRACIN,062995148-9,434.61,true,11/28/2022
McKesson Packaging Services Business Unit of McKesson Corporation,Clonazepam,713581173-9,193.28,true,10/24/2022
"Golden State Medical Supply, Inc.",Ramipril,200131438-8,76.3,false,6/23/2022
REMEDYREPACK INC.,Prednisone,760353842-4,43.38,false,8/9/2022
Ranbaxy Laboratories Inc.,halobetasol propionate,617209597-8,1.12,true,5/19/2022
State of Florida DOH Central Pharmacy,Guaifenesin,575194997-8,775.02,true,3/28/2022
KAISER FOUNDATION HOSPITALS,VENLAFAXINE HYDROCHLORIDE,542296461-6,588.67,true,8/2/2022
"Ingenus Pharmaceuticals, LLC",atenolol,392203318-0,518.65,false,4/26/2022
Washington Homeopathic Products,SILVER NITRATE,853752152-3,12.6,false,6/9/2022
"NCS HealthCare of KY, Inc dba Vangard Labs",Amlodipine,049463752-8,825.09,false,1/14/2022
"NATURE REPUBLIC CO., LTD.",Alcohol,389091006-8,738.72,false,7/7/2022
Tris Pharma Inc,Theophylline,043024974-8,467.1,true,10/1/2022
Legacy Pharmaceutical Packaging,ATORVASTATIN CALCIUM,223274313-6,404.97,false,8/2/2022
DIRECT RX,doxepin hydrochloride,503372187-9,278.07,true,12/28/2022
Rite Aid Corporation,"Dextrose (glucose), Levulose (fructose), Phosphoric Acid",,640.29,true,3/10/2022
"Forest Laboratories, Inc.",LEVOMILNACIPRAN HYDROCHLORIDE,880813216-1,240.27,true,11/8/2022
Delta Brands Inc,Triclosan,272739205-2,482.85,true,3/21/2022
Cardinal Health,Midazolam,616174614-X,179.08,false,9/29/2022
Galentic Pharma (India) Private Limited,Zinc Oxide and Dimethicone,064214425-7,461.84,true,12/29/2022
Sun Products Corporation,Triclosan,,521.12,true,7/27/2022
Baxter Healthcare Corporation,"AMPICILLIN, SULBACTAM",260843921-7,149.66,true,1/15/2022
"Topco Associates, LLC",Sodium Fluoride,478247563-2,,true,4/22/2022
"Gilead Sciences, Inc.",ELVITEGRAVIR,331913353-5,36.2,false,5/7/2022
"Physicians Total Care, Inc.",Methylphenidate Hydrochloride,706628285-X,35.92,false,5/16/2022
Mylan Institutional Inc.,methyldopa,613902392-0,,false,2/17/2022
"Taro Pharmaceuticals U.S.A., Inc.",Enalapril Maleate,041598793-8,,false,6/19/2022
TRIZ LABORATORIES LTD,ALCOHOL,854825961-2,292.67,false,11/22/2022
Hyland's,"AVENA SATIVA FLOWERING TOP, CHAMOMILE, HUMULUS LUPULUS STEM, PASSIFLORA INCARNATA FLOWER, CALCIUM PHOSPHATE, FERROSOFERRIC PHOSPHATE, POTASSIUM PHOSPHATE, DIBASIC, SODIUM PHOSPHATE, and MAGNESIUM PHOSPHATE, DIBASIC TRIHYDRATE",505094105-9,384.0,true,4/1/2022
Kroger Company,Nicotine Polacrilex,325640402-2,381.13,false,5/7/2022
Bristol-Myers Squibb Company,didanosine,207692039-0,9.92,false,3/21/2022
Mckesson,"Acetaminophen, guaifenesin, Phenylephrine HCl",136454682-5,332.11,false,10/12/2022
"Physicians Total Care, Inc.",Atorvastatin Calcium,652540497-5,910.76,false,4/10/2022
TOPCO ASSOCIATES LLC,WITCH HAZEL,940746802-X,396.39,false,12/25/2022
Blistex Inc,Salicylic Acid,785698926-2,767.69,true,11/15/2022
"CVS Pharmacy, Inc",Magesium Citrate,388710436-6,370.41,false,2/6/2022
